PatientID,Age,Gender,Ethnicity,EducationLevel,BMI,Smoking,AlcoholConsumption,PhysicalActivity,DietQuality,SleepQuality,FamilyHistoryAlzheimers,CardiovascularDisease,Diabetes,Depression,HeadInjury,Hypertension,SystolicBP,DiastolicBP,CholesterolTotal,CholesterolLDL,CholesterolHDL,CholesterolTriglycerides,MMSE,FunctionalAssessment,MemoryComplaints,BehavioralProblems,ADL,Confusion,Disorientation,PersonalityChanges,DifficultyCompletingTasks,Forgetfulness,Diagnosis,DoctorInCharge
5528,90,1,2,2,15.387135897922636,0,15.821380055039969,0.3251805763418858,2.2403106186023725,6.253343732770489,0,0,0,0,0,0,97,61,284.15784143402954,68.86527965827078,33.995828670772354,60.951975118354426,28.87621833874812,3.136569080169965,0,0,3.733342978094696,0,0,0,1,0,0,XXXConfid
4975,76,0,0,1,36.64793958386747,0,3.5443994167433712,7.222447762123958,7.4034402105675055,8.931010830956714,0,0,0,0,0,0,99,69,195.67827306343605,189.03221939647,66.45648791644822,372.43188826758814,0.9815808783235436,1.965813377451052,0,0,0.5064747567921346,0,0,0,0,1,1,XXXConfid
4986,90,0,1,0,17.35961410609714,1,3.5382684451823088,9.24589330952792,9.240281193680518,7.992121041388319,0,0,0,0,0,0,149,89,277.9690404098783,138.45662722527584,48.96154458302067,137.63692486639977,1.4853989909803944,0.4111844406647125,1,1,9.55795440008601,0,0,0,0,1,1,XXXConfid
4758,75,0,0,1,18.776009409162835,0,13.723825705512622,4.649450668217012,8.341903191502704,4.213209925103094,0,0,0,0,0,0,117,63,151.38313679710524,69.62351040559693,77.34681647712739,210.5708660964873,10.139568430460008,3.4013735067187523,0,0,4.517248273101627,1,0,0,0,1,1,XXXConfid
5377,84,1,0,2,19.403096031881063,0,10.764187060980277,5.0669670791179655,9.384022136375595,8.900470441075479,1,0,0,0,0,0,155,73,200.0262571382817,109.51937154067193,50.4909354619998,340.1546534274113,23.06288022665833,8.982682249899964,0,0,6.040068485758471,1,0,0,0,0,0,XXXConfid
4801,81,0,2,2,15.639676831549425,0,15.649190272628823,6.848293353791525,0.1614028724555027,8.35376119760604,0,0,1,0,0,0,162,118,257.16542976290526,153.47313349041366,47.71413138379906,232.96649752350797,14.745243844281068,0.2221164525343488,1,0,4.4232711915174825,0,0,0,0,0,1,XXXConfid
5689,72,1,2,0,29.71367988255355,0,6.865473923649046,7.977536489091152,7.994242657762771,7.70854473587723,0,0,0,0,0,1,131,61,297.9111512279087,67.15097962063398,69.8722705134401,88.12184343994048,15.865908441326535,1.8616796030030047,0,0,5.754572221718115,0,0,0,0,0,0,XXXConfid
5517,61,1,1,1,31.41405493840024,0,14.254246583346283,9.252042522289608,0.9379329711252192,4.978460647820539,1,0,0,1,1,0,113,104,259.99431492332025,84.98649978161451,67.63323319243275,284.21717256320846,29.97426212460179,0.8852360118138136,0,1,8.638540744129276,0,0,0,0,0,0,XXXConfid
5347,61,0,0,0,39.38987070371204,0,0.8864068494367228,0.7343968108604637,3.9574397288296206,4.919732614559857,1,0,1,0,0,0,108,78,180.1854046971993,170.7413096502024,75.1404938845109,346.77185705242414,8.174681341451647,2.386266654407865,0,0,4.390405811467345,0,1,0,0,0,1,XXXConfid
4961,69,0,0,2,17.939951214126285,0,7.718617831685457,7.614818071895626,6.178232546613537,9.274465337952147,0,0,0,0,0,0,121,88,248.55146548214964,127.52565589942768,32.60887998410854,96.88357602955332,3.054439519015469,4.470867332653535,0,0,5.846067974889996,0,0,0,0,1,0,XXXConfid
5202,69,1,0,3,38.57325174375967,1,5.886069528395495,2.27339229367433,7.289339197111891,9.257138142432918,0,1,0,0,0,0,118,67,205.02079148099463,75.78826696147291,87.01385507793569,310.27170476416035,13.957098632668622,1.2737930042399237,0,0,2.014531083049037,0,0,0,0,1,1,XXXConfid
4870,83,0,2,3,16.55252871972151,0,9.705141862659865,8.269198501132543,7.1195781858522125,9.736569156781895,0,0,1,0,0,0,118,116,268.92344332118483,149.66081811137974,52.89568640539999,80.35472685031178,6.064562357028919,8.096497172558921,0,0,1.9800251524549064,0,0,0,0,1,0,XXXConfid
5705,71,1,0,2,18.50791979743065,0,18.38438344508557,7.154671152728996,0.1267949230385157,4.492151847247564,0,0,0,0,0,0,98,70,290.2130071387635,69.28716111951388,66.97531491145386,178.05635312411414,20.822000746149385,8.667521359715916,0,0,1.196683860310529,0,0,0,0,1,0,XXXConfid
5692,86,0,0,0,33.931773260592024,0,13.80228727730595,7.12127797149618,9.812899217396671,8.665080622821488,1,0,0,0,1,0,113,74,286.69464731911506,105.2519013982249,57.52468746643666,287.9681220896824,9.638056574644253,4.207755956324558,0,0,4.672518413764985,0,0,1,1,0,1,XXXConfid
5597,74,1,0,1,34.80791068299064,0,18.07344935810511,1.863212932759796,1.341573763523829,4.526783625747578,0,1,0,0,0,1,178,83,285.1218817043156,183.20696042516445,21.83465067296144,207.5458633176248,2.7949116951940143,0.1383291473424663,1,0,3.601583211814824,0,0,0,0,0,1,XXXConfid
5466,81,1,0,1,34.0923066630855,0,1.3800556570447051,3.017392651007027,6.763457648048159,9.430694326264476,1,0,1,0,0,1,139,61,223.98044715464425,86.91174787414295,75.13527980863684,136.82124940396096,4.897862635079745,1.7190801888144258,1,0,5.602816672873362,0,0,0,0,1,1,XXXConfid
5164,67,1,0,3,26.145520515457143,1,18.35204429294364,5.260458182775382,7.162131034319569,6.940151810318684,1,0,1,0,0,0,104,101,161.6385395330774,199.66812841667615,60.72777417350939,83.80823116220974,18.854090885318545,4.933630665530565,0,0,9.561478098624992,1,0,0,1,1,0,XXXConfid
5413,61,1,3,2,17.606457629569586,0,4.595970675266954,6.198391897874856,6.993951890539904,6.882653630330605,1,0,0,0,0,0,106,75,173.8733527091456,62.42693269501463,60.664124820524165,265.7081384576624,16.241396035900934,3.0161331321563045,0,0,2.4539996995045508,0,0,0,0,0,1,XXXConfid
5068,82,0,1,3,37.05247250472502,0,14.586035847115289,7.306312316707782,3.900656473333941,4.146190187713576,0,0,0,1,0,0,140,64,299.05652759456297,144.95641955017234,42.60616145629644,273.7604251132192,2.0443820816049896,2.5729881034575373,0,0,4.050506103593074,0,0,0,0,0,1,XXXConfid
5233,61,1,1,1,21.349544923511537,0,18.800101082910093,5.356150776941327,3.1632071590552204,5.162080101624641,1,0,1,0,0,0,171,96,240.15332508590427,120.6604859955936,63.7674138251688,195.24225304158648,11.903587583579586,5.0664964102478685,0,0,3.224473152486701,0,0,0,0,1,0,XXXConfid
5563,69,0,0,0,19.15983004355889,0,0.7713338958383553,4.637308399057536,9.404154251325702,5.664726198638878,0,0,0,0,0,0,99,62,189.95279079249028,51.76294396491417,54.518334581753656,336.7139795356339,1.3223048769827206,3.85064051052653,0,0,6.854416621286429,1,1,0,0,0,0,XXXConfid
5013,61,1,0,2,31.037388829754864,1,2.6722593321724157,2.5768619204527643,8.085189317323518,8.288394483644971,0,1,0,1,0,0,172,90,271.1695812406655,160.0655600167755,73.2005476146219,178.16718776574342,16.77612077825327,5.435862432592042,0,0,8.345394632954887,0,0,0,0,1,0,XXXConfid
5307,71,1,0,2,38.37435679871292,0,5.945256697513603,8.236568334768448,0.00938472011623,7.194883162406361,1,0,0,1,0,0,160,71,284.4147779907516,111.11747199348616,90.5155692552566,180.6943463827897,24.279769953857,4.937761562680495,0,1,2.2243608520013067,0,0,0,0,1,0,XXXConfid
5535,62,0,2,2,37.20479421498817,1,15.866661347045255,0.834477443280941,7.408433461195386,8.910175818738136,0,0,0,0,0,0,129,112,218.89888390266373,61.51182140049696,82.96228609955556,146.182026814609,0.5946715714242723,7.616162217127542,0,0,7.948689002681172,0,0,0,1,0,0,XXXConfid
5059,69,0,1,1,17.6737271436989,0,13.454423110389367,4.009443019700881,2.526757046065249,5.627684379192839,1,0,0,0,0,0,174,95,181.38587991984303,157.71656730235867,99.59364668064944,91.20657395032488,14.388877712074406,8.077028257793119,0,0,6.076349855499464,0,0,1,0,0,0,XXXConfid
5097,78,1,0,1,39.42113344637264,1,2.104983393482749,1.5715795401453347,8.918760575085873,5.541336197695246,1,0,0,0,0,1,135,88,224.07197722162368,92.9464657556878,92.80411875748558,165.28448514879705,6.968756161435329,6.534586556345544,0,1,5.802980918201087,0,0,0,1,0,0,XXXConfid
4908,77,1,3,1,28.33956370827761,1,19.96687514231906,1.9519286142022048,0.954634048803662,6.7005075685591375,0,0,0,0,0,0,155,79,165.97540822290176,145.48007363292982,58.57642036384099,348.4398218224657,5.95256433990257,0.2612628204876732,0,0,8.547913518665016,0,0,0,0,0,0,XXXConfid
5723,81,0,0,0,34.046496482592275,0,4.870626248981729,1.8930300402535396,7.642268087736467,4.594391080848116,0,0,0,0,0,0,131,75,226.4072442868134,122.07270933620916,77.08802794212858,126.87256361944102,7.705018632483763,9.520988331405968,1,0,3.98200759396563,0,0,0,0,1,1,XXXConfid
5473,90,0,2,2,24.4440905235862,0,4.273842017888569,6.32603588776821,3.6941401544580432,7.152720966313055,0,1,0,1,0,0,95,87,191.67329882137395,125.65475730824944,97.25349086940876,180.02616294684145,21.47001307126184,4.588892130353916,1,1,6.847663441785946,1,0,0,0,0,1,XXXConfid
5620,78,0,3,1,32.55494039335531,1,15.96586264519199,6.3325827742338925,9.24710233295449,6.000900123169935,1,0,0,0,0,0,140,116,180.8113979601248,110.62080053569004,84.0453406117524,217.7965448554239,18.572848298990017,1.124353628044129,1,0,7.997850411831865,0,0,0,0,0,1,XXXConfid
5279,89,0,0,0,34.92373286781692,0,10.92417105943884,3.9891904856744898,1.262537581383144,4.8254812676108685,0,0,0,1,1,0,173,111,213.3062647968725,128.6140746143172,80.3793904315917,309.93473034527096,6.005235468225923,4.980056584171257,0,0,5.364999731618858,0,1,0,0,0,0,XXXConfid
4965,81,1,2,1,27.80417454465237,0,16.70260503964768,0.7402750285007798,9.212162249253408,9.940734163122286,1,0,0,0,0,0,161,97,167.66396615738137,190.80389249998544,74.36655265973263,119.3168693804018,26.048450316964136,8.221749899171385,0,0,2.923190451858799,0,0,0,0,0,0,XXXConfid
5682,86,0,0,2,36.48870711214244,1,13.402046670031009,1.4225274829551149,4.491424350292878,8.51787958006197,0,1,0,1,0,0,112,66,246.60157041088573,168.82982995455868,72.07354465923457,88.5096270979293,28.623769151219587,3.236152160525245,1,0,2.2847484584156086,0,0,0,1,1,0,XXXConfid
5501,70,0,1,0,38.794054520558106,0,8.329498605331748,4.309175514868269,1.1802848562067925,8.271223569705988,0,0,0,0,0,1,159,89,242.81043762327752,66.91280582096888,76.52475030708632,235.7711196992924,20.0997769791362,5.149345707664192,0,1,6.231800988106641,0,0,1,0,0,0,XXXConfid
5306,63,1,0,1,25.43354421389484,1,10.67587797671251,2.71941316094358,0.8230759441887747,6.9076612280282585,0,0,0,0,0,0,96,72,283.7835610272582,142.416376910722,54.886632982907386,326.8710187169058,29.553548945009577,6.045204114557413,0,0,4.265540524880459,0,0,0,1,0,0,XXXConfid
5044,82,0,0,0,24.95930386282369,0,9.861136081604904,7.781990009655995,2.139683988062233,4.894542471245158,0,0,0,0,0,0,147,104,295.16346076215734,180.02965950253508,20.68996673894384,240.03329497409865,24.481337506557647,5.679862578708471,1,0,7.0114549834667095,0,0,0,0,1,0,XXXConfid
4823,89,1,1,1,28.44377701871316,0,4.381860361892207,9.985068848406968,4.2870746769741785,7.561233253235286,0,0,0,0,0,0,119,98,268.4730655520528,129.4209524303987,62.822561961642094,206.30795182188947,7.134966768353525,1.5764384432815548,0,0,3.00079410278701,0,0,1,1,0,1,XXXConfid
5625,71,0,1,0,39.29192260435684,1,18.152063955328668,0.08499368478877,0.8883309795102501,7.799253696014966,1,0,0,1,0,1,101,106,198.5868302087713,83.24552568578032,69.24411470474439,236.89150558400385,29.323470452234968,8.746283986555554,0,0,6.050739115692609,0,0,0,0,0,0,XXXConfid
5471,75,0,0,0,39.30412315060677,0,1.3243060493808922,3.2865493654571387,4.80560099898728,4.025683731802356,0,0,0,0,0,0,158,72,233.1722788540531,177.85625519965186,64.8638042467962,58.23330858464597,8.911762541303672,1.5156422921043178,1,0,8.573828984074883,0,0,0,0,0,1,XXXConfid
4844,63,1,0,0,25.70069818876989,0,4.8705640861737525,5.487732366479664,8.561660581875254,6.271847716755871,0,0,1,1,0,0,162,107,151.21627041454445,186.08464866158988,84.38299595537866,82.73965781144793,21.22028786338326,8.54885015526583,0,0,8.294921676258022,0,0,0,1,0,0,XXXConfid
5249,81,0,0,3,27.994578125805223,1,10.869035984424048,0.9877105471645242,9.152984967727727,8.192888861730305,0,0,0,0,1,0,179,76,252.40159988428007,83.97212291851937,79.2564658490137,252.37420588844932,22.5430823587117,0.3622168023954109,0,0,8.62584913203314,0,0,1,0,0,0,XXXConfid
4899,64,0,0,2,25.313124846972748,1,19.695114144109997,6.893605137311917,5.970611228721551,5.192307311539606,1,0,0,0,0,0,145,71,215.31097202243245,142.41297026429805,41.549178276105366,221.7729651892807,5.8852613118124495,9.50382954679168,0,0,8.900857690828463,0,0,0,1,0,0,XXXConfid
5221,75,1,1,1,25.691360902918547,0,3.078179314841807,9.089393447010654,6.199063300139788,8.186626005817686,0,0,1,0,1,1,170,72,246.5165791755116,102.70018199589676,99.62298434421912,66.25154595058967,22.918475674676944,7.959886539226514,0,0,5.967554940399231,0,0,0,1,0,0,XXXConfid
5694,60,1,2,2,34.18425775168092,1,17.279520951650206,2.266105742394492,5.424595028284543,9.293329015108888,0,0,0,0,1,0,104,67,212.8764667939184,62.50635880964976,53.621193695621486,247.01103236160804,9.547692311893352,3.0730857437803563,0,0,1.7107549045957382,0,0,0,1,0,1,XXXConfid
5201,61,1,3,3,34.94099928081367,0,10.22723123983675,1.221223324666073,1.2057110920714864,4.549262399458605,0,0,0,0,0,0,107,76,268.37713359488737,170.1949371123833,99.25760656995942,274.2003713964099,24.14149398455559,4.07142656836574,0,0,4.298558626465944,1,0,0,0,0,0,XXXConfid
5160,84,0,3,2,26.259955688898668,0,6.112414679540912,7.031012479577181,1.1442095654852558,6.340283523518997,0,0,0,0,0,0,97,106,209.93227629030227,53.66250462101608,99.98032407804152,207.84767527596532,21.703146627498278,2.7356558498018924,0,0,5.178251891822669,0,0,0,0,0,0,XXXConfid
5567,85,0,3,3,23.1321541836932,0,11.721495406111774,7.994914722367874,0.6981202307732237,9.972499084029856,0,0,0,0,0,1,130,100,190.32209735006677,144.81288262614544,41.236228581540544,374.0652292272975,3.693496506681002,6.043389744238658,1,1,5.512302985262139,0,1,0,0,0,1,XXXConfid
5650,72,0,0,1,15.64629624620838,0,8.702076107231473,3.0428633551924134,5.079624418650179,9.485291834370148,0,0,0,0,1,1,144,118,222.097073291434,122.26651954010134,72.16037102597724,336.53001286525574,6.972330055496169,5.32476812666742,0,0,1.8435227892636008,1,1,0,1,1,0,XXXConfid
5414,63,1,0,1,24.69152304312719,0,15.589328576923556,0.8337818412419518,4.98502622057094,8.153415157393269,0,0,0,0,0,1,133,94,262.6437819661003,55.57214307664831,39.28197396230914,324.85152944843026,26.503284656372287,1.7269927060862744,0,0,8.835623959014537,0,0,0,0,1,0,XXXConfid
5260,62,0,0,2,34.783084976662536,0,12.70225157989928,5.993307558591734,9.578223062433084,9.821264686004517,1,0,0,1,0,0,159,112,258.96208111325666,63.70941170952037,98.55250950127248,373.8588290599204,17.802041910678764,6.845905869384047,1,0,3.417781651011352,0,0,0,0,1,1,XXXConfid
5601,67,1,3,2,25.61054689446224,1,17.787065600739606,7.457067589465808,3.2347405707747425,6.254908168725279,0,0,0,0,0,0,169,91,194.45739017690755,74.60869640238165,41.59157644242259,86.65086918139409,11.82126804850806,8.75353118818582,0,0,9.048302502329893,0,0,0,0,0,0,XXXConfid
5400,90,1,0,1,39.555193823743735,0,15.985480235921774,6.461411966818622,5.526055102958324,8.180504917625765,0,0,0,0,0,0,126,74,162.51574522135726,168.93370078556845,96.2118905845209,119.70444029845925,11.763942129874945,0.7376633483130968,0,1,3.7536217574724895,0,1,0,0,1,1,XXXConfid
5138,88,1,0,3,16.818703098013025,0,7.445596687333422,0.4457031953178292,2.292319766761123,6.663228898100256,0,0,0,0,0,0,147,69,152.8546190885384,75.44048538414924,79.08915715466586,259.8645293622547,15.97037101382207,7.968681635975513,0,1,9.570045890698465,0,0,0,0,0,0,XXXConfid
5613,82,1,0,1,33.14639363903562,1,11.09383694058687,8.83905705583098,9.727558008506254,9.812583778248197,0,0,1,1,0,0,151,73,179.3642882419033,110.70383910519952,59.80647417817422,201.0822400842848,0.9201551931540796,6.244299795833422,1,0,6.281807988390371,0,0,0,0,0,0,XXXConfid
4783,84,1,0,1,34.777377691519135,1,4.898180373627003,7.731579821546672,6.242674512858354,5.621529007180653,0,0,1,0,0,0,91,95,286.08847165299073,85.46079766137265,96.32974821384236,331.3582384971276,21.016751361988995,6.254139559905415,0,0,0.5989692913815092,0,0,0,0,0,0,XXXConfid
4795,82,0,0,1,19.525593276054863,0,13.392876209372188,4.581855185382406,6.758409185822163,9.999201295719937,0,0,0,0,0,0,147,100,228.60355048462208,184.1089895613148,73.76422215811978,331.4296740370788,6.245616650798013,4.874718416820421,0,0,5.296203388634902,0,0,0,0,1,0,XXXConfid
5676,72,0,1,1,19.13341930626776,1,1.1652850213710186,2.8742758414033,6.236340184656013,7.742131553716961,0,0,0,0,0,0,101,61,263.2693988436611,73.21405001714362,49.62285061333169,161.71355938239705,24.014534575888867,7.360158396110739,1,0,5.593977526231932,0,0,0,1,1,0,XXXConfid
4762,78,0,0,2,22.463382649410605,1,19.300182977973385,3.8346393816450983,8.279189503998566,8.312325536865838,0,0,1,0,0,1,165,97,254.5865602957904,132.9600115403453,39.009281903548505,344.4485949763473,21.205615021989946,5.568541438239071,0,0,5.467266760513016,0,1,0,1,1,0,XXXConfid
5076,88,1,0,1,18.16505674141623,1,18.42058192910748,0.972753371189532,3.673659299723498,8.66554914398408,0,0,1,0,0,0,130,66,271.9007346302302,191.74180905507072,93.6529073051064,373.83322924165566,27.20442808844164,3.819499617826805,1,0,2.150131939237672,0,0,0,0,0,0,XXXConfid
5226,67,0,0,2,29.01586425205184,1,1.2271859572585742,9.583061001376208,0.9842884258924078,4.957976380946105,0,0,0,0,0,0,104,85,277.8759241576845,113.20943708722211,88.00090245020345,241.7098371072057,12.655350522358509,1.340510451397562,0,1,1.5554230539740532,1,0,0,0,0,1,XXXConfid
5194,65,0,2,2,29.584935419769717,0,5.3896234580036495,0.9685289921961904,8.836712710744068,6.567843093156393,0,0,0,0,0,1,154,102,173.8314412518243,88.95120940581751,40.47608572123197,388.61650526922847,9.416365571250257,7.882552917794502,0,1,7.614877239926679,1,0,1,0,0,0,XXXConfid
4838,75,0,0,2,31.820252826675087,0,13.302858739490992,5.328581148424521,6.320741827715956,6.160691722877361,1,0,0,1,0,0,149,105,156.69561931203086,62.859561657183306,42.42839648473459,259.10638143414235,0.9055439954768552,9.88230722514203,0,0,2.380974212834235,0,0,0,1,1,0,XXXConfid
5554,81,1,0,2,39.88691231720354,1,10.597132263439256,8.34211556836493,6.972279709237682,4.412060508673991,0,0,0,0,0,0,166,96,151.25061543502977,151.235721126408,25.89898851471296,118.96591150830646,10.550168756406132,2.178133268812573,0,0,7.557230548618263,1,0,0,0,0,0,XXXConfid
5058,82,1,0,2,23.61346826347128,0,4.257334938617157,0.6001867630644764,6.561918941255712,4.0378054318614325,1,0,0,0,0,0,160,107,268.25891482631897,144.5352115572406,52.56633694494296,110.65227997160892,10.77157247654282,9.614388777003535,1,0,8.838089095068337,0,0,0,0,0,0,XXXConfid
5653,76,1,0,1,39.94632130092825,1,5.178040351083036,6.123442197542711,5.173989936060051,6.7059424051872805,0,0,0,0,0,0,105,101,193.6294473238479,168.2479110086589,41.79292322929092,356.00019835859,8.133150933756493,9.49578284841158,0,0,3.3918263589307496,0,0,0,1,0,0,XXXConfid
4835,70,0,1,2,29.858891389167145,0,0.8330350275633758,5.5259530867951865,9.142572858805972,9.76886371800798,0,0,0,1,0,0,92,107,280.4536487281832,90.6834602349238,44.85808576635058,253.5271596412912,22.150173723144743,0.7820696310942687,0,0,0.3728544871031414,1,0,0,0,0,1,XXXConfid
4766,69,0,0,1,18.04591747393549,0,8.116831615915244,2.956494729127719,7.570632793725998,6.736796641729542,0,0,0,0,0,1,124,72,204.67075926226835,97.75564857738568,99.28633938440576,246.91076705746605,22.715161212568912,3.743028013922194,0,0,1.911131232370986,0,0,0,0,1,1,XXXConfid
5362,65,0,0,1,20.79433656731236,1,13.362476113318454,5.798950026614246,1.7668421662066702,4.473548397766005,0,0,0,0,0,0,143,96,237.298535406784,57.56173636160024,48.382571501753546,187.14486376061583,11.4026551592302,7.02317675951916,0,1,4.851017908278006,0,0,0,0,1,1,XXXConfid
4860,60,1,0,2,24.97428624623763,0,18.454895623919924,3.7227860690826287,3.795211796699004,5.40147540248275,0,0,0,0,0,0,147,111,162.43970661444325,62.464566722621534,48.23296747994454,107.56034346423571,22.65884916861422,8.039719776027024,0,0,6.94343205064342,0,0,1,0,1,0,XXXConfid
5555,60,0,1,2,21.64175277817831,0,0.9305116112252444,2.714702291512916,5.125134758012554,6.7710657169402815,0,0,0,0,0,0,119,99,283.3953317979178,193.31333332909128,22.46744467261105,325.965685501563,12.920961427762268,2.9823281547447045,0,0,1.8077171423229443,0,0,1,1,0,0,XXXConfid
4917,60,0,1,1,27.76561281358562,1,19.524423350319218,4.437512567652144,4.980534751390287,5.128129912785576,0,0,0,0,0,0,155,119,164.8374751294404,77.66167686090029,69.37747407673359,336.9964704552613,12.95605506651217,3.473196336650642,0,0,9.768333382895522,0,0,0,0,0,0,XXXConfid
5495,73,1,1,1,30.00721138105077,0,12.540094061645178,5.840325638775498,4.345578711931015,8.485078544727058,1,0,0,1,0,0,111,91,203.1826994151483,79.1858470940346,58.12120365859131,66.2930812628799,23.174602557484885,8.668178095275241,1,0,7.825099346111955,0,0,0,0,0,0,XXXConfid
5632,67,1,0,1,16.752573265496256,0,3.6222637256561896,6.111311236234688,1.0396233863961468,7.843370307697594,1,0,1,1,0,0,124,85,272.7299339493833,127.14936058302033,52.55982511953334,189.50728367476364,16.47489394145355,8.438447422380575,0,0,0.4518226800161973,0,0,0,0,1,0,XXXConfid
4995,90,0,0,0,31.02431453621879,0,8.861308565862844,9.55267152821269,2.5968690422244145,8.562963150918641,0,0,0,0,0,0,141,65,242.9467617116632,182.63376620948551,72.45261820018092,263.80949948796496,21.835044387796103,9.599964352863864,1,0,1.284572190119796,0,0,1,0,0,1,XXXConfid
5183,90,1,0,1,26.576836727842185,0,13.144380488766007,3.8977294180671263,9.599956605831624,5.07299019556581,0,1,0,0,0,1,128,84,249.6619924022909,111.58143678558176,91.66136425812624,160.97870892205543,21.42796904167713,2.7757127174367016,0,0,5.682719693968991,0,0,0,0,0,0,XXXConfid
5179,71,0,3,2,31.01680010758959,0,6.740664419450042,9.027701808480394,0.2457241652356379,8.26160402826315,0,1,0,0,0,0,109,64,177.93609172079073,181.61333248031417,38.048722124879575,211.7381600096521,28.678028771999035,4.56379147606016,1,0,1.2292740855893525,0,0,0,1,0,0,XXXConfid
5738,84,0,1,1,19.095327305640755,0,8.212874422679423,1.2873522942775184,5.538986868877625,6.098727888017167,0,0,0,1,0,0,95,88,203.35416912525253,145.3380789009095,32.89647607846008,345.31934796646846,16.153098288536594,6.603604467475892,0,0,1.9358843278297664,1,0,1,0,1,0,XXXConfid
4812,82,0,0,1,25.83689287951741,0,18.604389208647422,8.153139133631672,9.274916850220183,6.551533268894777,0,0,0,0,0,0,100,116,278.6160765262001,96.27144048223474,31.304028649464115,347.4920641120968,20.140644705606523,5.430386045783648,0,0,0.4170187001255299,0,0,0,1,0,0,XXXConfid
5631,67,0,1,2,29.72681074610737,1,15.642599128344298,4.605987753394379,7.871526460892586,7.915238729218879,1,0,0,0,0,0,110,62,152.96664850777114,144.79395698577952,68.26317318839712,100.79611590556156,26.25398711433245,6.088452503792533,1,0,9.105791497358338,0,0,0,0,0,0,XXXConfid
5215,66,0,0,2,35.65111696845346,0,7.892354057587871,0.122715730346411,1.8731114111191491,6.809722182140143,0,0,0,1,0,0,98,110,228.26996190721644,63.03654690449686,34.46649271378176,304.8252595200448,18.074329425085843,7.690527730902898,0,0,7.583541902752486,0,1,1,0,0,0,XXXConfid
4804,61,1,2,0,38.07613526117206,0,19.984018416523096,9.859541545926415,1.915171496332837,9.710274145896904,0,0,1,0,0,1,98,116,215.4212980884916,159.51070186821158,92.80009613863874,59.92562176374312,20.352169404834573,2.095928768860466,1,0,9.456372653627996,0,0,0,0,0,1,XXXConfid
4853,71,1,0,2,21.9143924672818,0,0.9580907927661264,8.594595563423313,7.641307921794725,6.055813588848742,0,0,0,0,0,0,164,77,168.97659556142844,66.26338326127474,65.30227644438398,159.6334475338228,22.987887989385623,8.839665712230854,0,0,0.5276860237993009,0,0,0,0,0,0,XXXConfid
5157,80,0,0,2,34.38460219130273,0,2.8860336510707163,9.264915844169648,7.773674773987289,9.640702746647952,0,0,0,1,0,0,163,100,215.09737357514857,198.87160587289537,92.67912762459552,65.84981232501075,1.687291664064624,5.511927653216322,0,1,9.902311473176438,0,0,0,0,1,0,XXXConfid
4854,88,1,0,1,16.514566734854224,0,16.322112077202103,1.0069766537658764,4.70746710762756,9.38249302529594,1,0,1,0,0,0,112,97,195.94341922089143,159.2484574258704,70.4543307135279,227.6350029614732,24.20557573242864,4.661765419479304,0,1,4.110831569813538,0,1,0,0,1,0,XXXConfid
5232,88,1,3,1,15.362310661632865,0,7.778095642770706,8.828601185852348,6.300550640623722,4.723002921302033,0,0,0,0,0,0,158,110,202.97013796677388,161.8121556741836,38.53066025794565,335.0954539452292,27.08853872181334,4.488044167580228,0,0,7.430245091701191,0,0,0,0,0,0,XXXConfid
5562,85,0,0,1,28.98533736178344,0,10.817245291675071,2.8261548465144117,3.10047018999416,8.205370586955727,0,0,0,0,0,0,122,115,198.42331645782244,182.65097069386573,55.27563144025797,186.51311632279803,6.501284319172889,6.090690251914706,0,0,7.63262822244233,0,1,1,0,0,0,XXXConfid
5751,74,1,1,0,31.53181622652717,1,14.545212746819558,6.727399160930233,4.883257980629031,9.599762582417156,0,0,0,0,0,1,130,77,224.85991330061984,53.192800706737145,57.19533904378739,80.25464676658208,16.98120308684893,3.3211423932286053,0,0,3.1356840884894366,0,0,0,0,0,1,XXXConfid
4903,79,1,1,1,34.48703240068921,0,2.360028031010548,8.4100633628696,4.973181103293549,8.847994802358622,1,0,0,1,0,0,152,70,238.2838881998416,63.38173875560402,75.01645339186497,295.75953803520736,0.3981314160747851,1.9599634803141297,0,1,8.827238826652112,0,0,0,0,1,1,XXXConfid
5038,83,0,0,0,31.33192541051433,0,13.90213753882986,7.90468184283256,1.480997591409231,7.201690840255469,0,0,0,0,0,0,145,117,209.4533966935581,167.71311679740336,94.3023920594244,229.1727687753529,2.416765441406815,4.107692984224068,1,0,7.1998424839636606,0,0,0,0,1,1,XXXConfid
5248,86,0,1,1,17.0679005018865,1,13.936579628843631,5.3473915877750136,6.278426141711347,6.264368182590487,0,0,0,0,0,0,104,92,178.4535724576389,138.15796780080103,81.64320540602714,161.78539269140205,17.7237331922464,5.757511526963018,0,0,3.332887625749671,0,0,0,0,1,0,XXXConfid
5322,78,1,0,0,23.79645032066401,0,13.414594481843253,2.54751671032052,3.983776828891302,9.228180522778146,0,0,0,0,0,0,178,99,285.01511038484455,78.80592383377612,43.71462419900585,211.80620230292672,18.0643515703906,6.914246320577549,0,0,3.589955771151192,0,0,0,0,0,0,XXXConfid
5429,60,1,0,2,24.62166488847021,1,1.3899148722219556,5.7391835599023056,9.10514800094438,4.027544642598778,0,0,1,0,1,0,158,87,257.9922202359701,71.2129220831913,61.99704223552467,220.27682590369903,24.55896029334924,4.250467326476478,1,0,0.4345123053189792,0,0,0,1,0,0,XXXConfid
5529,88,1,3,1,17.519976617203405,0,0.692173011445083,7.903141751688295,2.905000832496276,7.537553512858154,1,0,1,0,0,0,113,115,255.50351424177663,193.2618308482145,44.717103581953744,109.86268529298272,3.2878678888865958,0.9479187980343272,0,0,7.7507930087688095,1,1,1,0,0,0,XXXConfid
5073,80,1,0,3,33.52116771740872,0,2.023508969655852,5.671050015580516,4.595652333110239,9.058626847453318,0,1,0,0,1,0,143,106,279.1420909222369,196.3227520754346,89.14064933532872,357.5546007347408,25.46530934070348,4.489444240856154,0,0,1.9196970298977367,1,0,0,0,0,0,XXXConfid
5141,64,1,0,1,29.472270958892334,0,15.51357617184629,4.294428585330451,2.687559847058293,4.5339769291529,0,0,0,0,0,0,129,63,245.64356591125173,150.55287390318793,45.70258367989591,168.91633649710195,3.429187476332044,1.831406343324059,0,1,0.9275071256694144,1,0,0,0,0,1,XXXConfid
5409,74,1,1,0,20.789193698017154,0,18.172291788972384,0.4162335243912518,8.52939316866385,8.748362014526975,1,0,0,0,0,0,165,99,262.90649940769384,87.60725602633003,76.88155616287008,88.85091117938336,2.719294170998264,9.448989012110422,0,0,2.369254094906552,0,0,0,0,0,0,XXXConfid
5078,62,1,0,1,27.24952677795831,0,19.329277303427848,5.964852490172129,0.2761259101838398,8.694452939778152,1,0,0,0,0,0,149,61,220.3155814098137,198.8637240011399,72.08317042373669,375.7300912484093,12.62638744694604,3.517218026107578,0,1,8.152458697337998,0,0,0,0,0,1,XXXConfid
4889,60,1,3,1,31.641952265104614,0,9.367301838117308,7.93212977402481,3.350938876441286,6.244615652693188,0,0,0,1,0,0,146,96,220.0163123622923,70.23048682511055,32.5195175802921,287.04267859328814,5.091876029731978,1.0675565287570632,0,0,7.3808650445765345,0,0,0,0,1,0,XXXConfid
4848,67,1,0,2,22.9787658339808,0,11.070171321401537,5.141054569985368,7.687968843557444,8.114124784480644,0,0,1,0,0,0,133,96,201.35421294589827,192.99203287469425,23.43516555500292,355.755976852918,11.755502689416565,9.00888677812372,0,0,7.618158264409223,0,0,0,0,0,0,XXXConfid
5241,77,1,0,0,27.6572086673942,0,9.784650875009596,5.08380381765027,5.145963530850629,4.560572292087984,0,0,1,0,0,0,93,119,204.40359000655616,197.8708508340058,73.8896614855941,110.34465197691368,8.639903524496761,1.0665223730482876,0,0,0.6257344312073154,0,0,0,0,0,1,XXXConfid
4909,68,1,3,3,15.794386042426543,0,9.393492265439514,3.838677523860765,2.317705593576702,6.396638145313985,0,0,0,0,0,1,108,75,190.51981852600312,55.50110408292393,43.10607542947129,350.56023235070865,13.478835825443635,0.9449032954263016,0,0,3.251197863759445,0,0,0,0,0,1,XXXConfid
5285,86,1,1,0,23.101025784555844,0,17.27121875005699,4.441357120049564,4.29712672969292,4.638653902715926,0,0,0,1,0,0,177,88,255.95729999544363,170.8255864655061,41.40012790124016,328.95423277885493,12.166694596897864,6.666332769483189,0,0,4.884242587054326,0,0,1,0,0,0,XXXConfid
5589,78,1,0,1,19.698489185723307,0,14.402795851519004,5.718099456140655,3.096124320191768,5.758221078720922,1,0,0,0,0,1,131,109,188.3450071025716,138.26165481259306,42.88106384654797,219.00604263163615,13.272431149628236,3.3049446012182493,0,0,3.8444140547884498,0,0,0,0,0,1,XXXConfid
5130,70,0,1,1,35.9226837237578,0,0.759744224553538,6.323555317592052,6.156986205900887,8.191820012533167,0,0,0,0,1,0,107,96,191.10068977383563,196.35969436111256,30.737508393880116,314.08152033831385,27.24624556969028,2.7248388441029823,0,0,9.732256397896402,1,1,0,0,0,0,XXXConfid
5704,75,1,1,2,16.043673616562916,0,5.249856565687132,5.976035171505103,5.501937121903709,5.290965060897756,1,0,0,0,0,0,164,97,291.4902810590117,139.78890660122534,21.722791228833565,259.24748130693376,11.488354898170927,3.133684627298383,0,0,5.654017898841847,0,0,0,0,1,0,XXXConfid
5720,64,0,0,0,31.109093668805027,0,1.4958566631427428,5.157688950915292,7.72734491317692,8.737382057299495,1,0,0,0,0,0,108,87,160.74137914793698,123.16496245642011,55.92802523801791,381.78904024090906,20.690849125050093,8.31063602580892,0,0,5.214497862587736,0,0,0,0,0,0,XXXConfid
5575,85,0,0,1,31.986906763977107,1,17.435695308461348,9.09880141080203,8.9274298239801,6.458848648479863,0,0,0,0,0,1,109,72,172.7984120689374,60.75854718300389,76.03975138233295,364.6491587508501,5.7325090182357,1.826887983871277,0,0,8.984925243463492,0,0,0,0,0,0,XXXConfid
5658,65,0,0,0,34.361158952056954,0,4.0885441359296255,8.756897780434159,0.0199397640444642,4.680026668123419,0,0,0,0,1,0,103,85,160.20257858164138,103.7288156702396,53.67000387887587,132.0995311775583,5.509685301779813,5.930347568762469,1,0,3.9325660019526887,1,0,0,1,0,1,XXXConfid
5005,79,1,1,0,25.971216204415374,0,10.001860725392683,0.745796035263594,9.35528666307197,4.86637837048713,0,0,0,1,0,0,129,79,175.19233401496004,125.10145107880324,52.13032163640317,231.3947582339809,19.739525621162176,6.931808947595978,0,0,1.927703387503894,0,0,0,0,0,0,XXXConfid
5536,84,0,1,3,32.64774058153015,0,10.318735460622806,7.622147814112667,5.413394533785309,4.682157097082663,1,0,0,0,0,0,158,82,223.1265039336992,148.50370713893295,86.55221323674637,192.5517055626325,11.840755605961837,9.749772906091588,1,0,4.820799592229027,0,0,0,0,1,1,XXXConfid
5537,67,0,0,0,39.35157403223008,1,0.7888592535563999,5.091996317742641,3.860524273695255,7.559731769638111,1,0,0,0,1,0,118,67,204.2746194846949,109.95298248134696,64.41662054948281,135.37555776931998,17.668939403777564,7.781344761058088,0,0,1.905696296754682,0,0,0,0,1,0,XXXConfid
5234,61,0,2,1,25.838598221516914,0,7.032135608050751,5.494712647887583,0.6209171671916591,8.551463653835949,1,0,0,0,0,0,142,106,234.1783541124139,193.52836671988115,39.421351565398425,85.40745256835737,15.620772905641328,2.9695177354014235,1,0,2.8507873245836404,0,0,1,0,0,1,XXXConfid
5722,70,0,2,0,28.467001908069143,0,16.85820080766844,0.9735527398279908,2.2029881410824004,9.81333776860453,0,1,1,0,0,0,136,98,183.8440010150194,63.43693349526,25.24745465399649,280.24645487634893,15.347676287848794,3.418394699921532,1,0,5.53104004614789,0,0,0,1,0,1,XXXConfid
5212,85,1,0,1,34.43705693749994,0,19.89420121120662,1.956137661594698,8.19728254816946,8.56252093751107,0,0,0,0,0,0,149,98,234.31186219147756,135.01324494609398,83.2793484497768,209.2221371044889,10.16467114431535,4.11027642074266,1,0,0.6985907895915833,0,0,0,0,0,1,XXXConfid
4887,76,0,0,1,31.581079273681905,0,6.260215933117643,3.6979765757731697,7.987123333355083,5.177029721758176,0,0,1,0,0,0,111,116,201.8950938007817,112.08137307707734,42.27718151160875,343.32960407701034,10.26290389461461,8.079710477402601,0,0,2.574536857950416,0,0,0,0,0,0,XXXConfid
5404,72,0,1,0,35.169155563388315,1,5.904008851031978,9.271453983888064,1.204807695252862,8.16166219540608,0,0,1,0,0,0,172,72,282.5183149703128,128.95096578808025,39.94272221640564,219.51354114344647,16.0376042821785,1.1810587949093287,0,0,5.55526511515427,1,0,0,1,1,0,XXXConfid
5027,75,0,2,2,26.97126765936439,0,9.571021562418451,0.0093476615321375,4.597252626408983,4.075573743362857,0,0,0,1,0,0,133,71,200.6613854959204,158.42554428019173,51.7561085214318,336.8366216348076,2.0656664433343077,9.761931752087328,0,0,7.470466790155537,1,0,1,1,0,0,XXXConfid
5708,68,1,0,1,34.141863315963946,0,4.1074279905066895,4.709980878627911,2.260279473723456,7.756871656789767,1,1,0,0,0,0,126,69,284.3998268197523,187.71786812616392,76.20495273302183,121.3975458148101,1.9264499777833652,4.331170970374948,1,0,8.386887745307174,0,0,0,0,0,1,XXXConfid
5545,82,1,0,2,38.271172386850765,1,1.0965510185131189,0.6043252147545142,4.363783392312813,6.222452945869782,0,0,0,0,0,0,91,117,151.37493326822545,53.50546889336132,24.855517188522,111.05046667224155,19.93790579398813,4.309946235165611,0,0,9.906226555654996,0,1,0,0,1,0,XXXConfid
5191,74,1,2,1,17.88163310013079,0,8.801103503905583,5.911290121303068,7.1832426147590525,8.5906394609774,0,0,0,0,0,1,92,80,282.6003314902133,182.4702601073297,32.89484840179371,397.585213725624,18.715787112423325,9.155015720302613,0,0,8.96657760541394,0,1,0,0,0,0,XXXConfid
5443,78,0,3,3,27.671508152216724,1,4.7010389737428415,5.8710604191276605,4.01019972449574,5.289449764057983,0,0,0,1,0,0,132,66,271.49166680621386,189.17494203282573,53.86645101696497,263.79517130077966,13.570432693924362,1.1481493335784965,1,0,7.226400396307751,0,1,0,0,0,1,XXXConfid
5395,80,1,3,2,25.897063522467214,0,8.56258337849111,5.101015373570816,9.113505409903928,7.899746844578753,0,0,0,1,0,0,149,63,177.16803483111022,192.41236294247875,24.4077618489029,124.7341557987189,9.870412971779867,7.379935569870066,0,0,7.081076998606278,0,0,0,0,1,0,XXXConfid
4901,69,1,0,2,23.295405156859346,0,5.155943036157826,6.61599591159284,6.290659617589457,7.512128093721149,1,0,0,0,0,0,127,106,222.73257482237773,98.71490470047412,84.61806779716032,368.01353409764897,11.38266137232957,4.2845700923655,0,1,4.73337048844842,0,0,0,1,0,1,XXXConfid
5135,75,0,2,2,22.80583876320141,0,7.688416622837706,6.1529777278790885,8.306085799718693,5.055943261764712,1,0,0,0,1,0,107,116,286.7007456062504,178.47779430431797,69.9739531178711,267.0650464923559,24.08521548389772,7.159147064253329,0,1,8.681342696790985,0,0,0,0,1,0,XXXConfid
5104,62,1,0,1,36.83714230623704,0,1.2497789849780538,1.9354502703478196,5.13069143704397,4.571983455454872,1,0,0,0,0,0,161,106,174.51876804056417,55.55881114548386,56.884272800758914,336.9619009099126,27.840251942937456,0.1837405659044411,0,1,9.576491034182212,0,0,0,0,0,0,XXXConfid
5582,60,0,0,1,38.18473837915717,0,16.91893189797627,0.6396539524303857,9.19347282902526,7.71000471459441,1,0,0,1,0,0,155,103,241.41945549633743,77.23607314003797,40.48349175923654,105.38839162700162,29.03265871233817,8.318432790905684,0,0,9.564869834978376,0,0,0,0,1,0,XXXConfid
5623,63,0,0,1,38.93449100796397,0,0.9040034184871404,2.122937819562977,5.059234488933948,7.419423786749951,0,0,0,0,0,0,162,71,169.70655455257042,115.10786196298154,63.2813102122136,222.2233622449092,24.1984911595359,1.3667255508978926,0,0,1.3182679891673732,0,0,1,0,1,0,XXXConfid
5421,71,1,0,1,17.896566393604502,0,7.657429500583046,1.8660100415738068,4.474019300229157,4.813633248683554,0,0,1,1,0,0,138,118,213.3907941559288,199.42047019673112,44.73987337054125,81.20947411818835,1.7117815185790564,5.010455862774142,0,0,3.816265878498788,0,1,0,0,0,0,XXXConfid
5363,76,1,0,0,19.10040794407703,1,19.03091930514742,7.354986916975397,4.60854571856814,4.730784068380609,0,0,1,1,0,0,136,89,295.4760844805008,105.01314468698158,34.66618633882349,396.4933829484588,7.9962818990084354,1.2915913777209087,0,1,4.025375820480638,0,0,1,0,0,1,XXXConfid
5184,73,0,0,2,15.43716631097081,0,8.491166340477573,8.681107402334167,5.846401143749523,9.100666371080992,0,1,1,0,0,0,174,108,269.6551937774949,58.55131254663269,62.52025547246348,50.46161069316175,6.1195621104549245,2.5710718942909203,1,0,5.520800139370721,0,0,1,1,0,1,XXXConfid
5645,90,0,0,3,20.742475601713977,0,0.6239971716277481,6.140243447117272,6.611484682351463,5.777911824962915,0,0,1,0,0,1,155,73,169.24126989367022,119.86707387920384,96.41759066678544,66.42712707634593,4.545883695555747,5.646271100225206,0,0,5.917484661746421,0,0,0,0,0,0,XXXConfid
5326,70,0,0,2,30.26986465432471,0,1.2599560921289332,2.4903053597885827,5.259219792717924,8.74574403359721,1,0,0,0,0,0,174,110,288.28858990240974,165.44931608118236,42.26359701131663,101.09913817296489,20.489855149369745,3.821272442181888,0,0,1.159346555954861,0,0,0,1,0,1,XXXConfid
5147,85,1,0,2,26.765872398445865,0,4.635616196495292,0.4710047525875227,0.0387842265946491,8.789599669903598,0,0,1,0,0,1,93,91,291.5810567486558,177.4869927392699,26.61894375975801,202.83649118586897,11.102925155314004,5.544357173433465,0,0,1.6439140023797671,0,0,0,0,0,0,XXXConfid
5741,68,0,3,0,37.658946784647554,1,19.921389522965523,2.467033296987019,4.0800881892605645,4.0234465708388925,0,0,0,0,0,0,170,74,255.7622708567068,77.95387329825147,38.4055359095537,334.5333287655113,20.835337109390345,2.198003970228072,1,1,1.160163864333108,0,1,0,0,0,1,XXXConfid
5538,81,1,0,1,32.175640878974534,0,4.495748765185912,0.994345694761869,1.3288873044677283,8.333922398301329,0,0,0,0,0,0,126,117,154.54832409195814,73.57980250682091,43.17260290969305,149.88815040170607,25.45799858738231,1.674492341049909,0,0,8.286941536809477,0,0,0,0,0,0,XXXConfid
4839,87,1,3,2,30.69497508311098,0,14.227585374289626,0.826220365173983,9.800542465618056,8.46734849714418,0,0,1,0,0,0,130,102,294.926292973776,146.76905878627588,27.25537588633145,359.75103765963934,3.205386999689045,8.19529226179721,0,0,9.196298609566876,1,1,0,0,1,0,XXXConfid
4937,90,0,0,3,39.66146454879683,1,6.957363345770792,5.601585140272508,7.169251841499995,9.509201433883971,0,0,0,0,0,0,123,103,245.05838233240416,102.10959415452872,54.082119256994574,95.59347695990154,7.906937348530776,7.184587978018873,0,0,6.52876543790839,0,0,0,0,1,0,XXXConfid
5064,83,1,0,2,15.289738951899848,1,8.050554424471816,1.2933581601599686,3.034453257217601,6.83795446935504,0,0,0,0,0,0,163,68,232.32251196784077,193.9538029726906,20.742605448481648,123.68006370182418,12.275443880522758,8.224748870034869,0,0,6.76601329819677,0,0,0,0,0,0,XXXConfid
4786,70,0,0,2,22.784157007536,1,17.819125274066515,3.769174561905708,6.633075040283733,4.872167754920651,0,0,0,0,0,0,129,77,166.68130520904631,53.50933682820792,67.47526375365655,295.35372779358545,19.60405565925975,7.40167290070713,0,1,9.947440462613503,0,0,1,0,0,0,XXXConfid
4863,85,0,2,1,33.29276535206675,0,14.65896610965057,1.032838031467157,5.735418453327697,9.162086050044,0,0,0,0,0,0,155,87,203.93913216532135,177.13103011539255,62.60630399146882,272.1183940586152,16.158150970029077,7.71837329401981,0,0,2.114116575805688,0,0,0,1,1,0,XXXConfid
4821,64,1,1,1,27.904365091154983,0,2.9530006794556285,4.855611502778581,0.3520660391626062,7.988009990116874,0,0,0,0,0,0,177,90,283.1111052037762,67.83394550236552,55.61316807093473,391.53483997877015,1.9019403812754032,6.837883532730425,0,0,1.8555839845330069,0,0,0,0,0,0,XXXConfid
5118,68,0,3,3,27.505045328428885,1,14.412499927184555,9.438722783968185,7.866581274923201,9.485172023321663,1,0,0,0,0,0,142,100,173.74527651323234,82.99644987925052,63.707498074286086,141.97130698585977,26.05840362325486,7.767483261540773,0,0,6.601108310984984,0,0,0,0,0,0,XXXConfid
4922,67,1,0,1,32.917797482011814,0,6.089406426549391,2.2445231151162206,6.156294643619564,4.231904221095901,0,0,0,0,0,0,119,104,169.4382373838562,183.89529699043496,90.44238598707707,99.76446053905782,18.63532751321012,4.320276975265914,1,0,0.4229106564131291,0,0,1,0,0,1,XXXConfid
5165,88,1,3,1,26.639474116611787,1,13.727209432696997,1.6550191549547155,5.712438295486818,9.088533432923931,1,0,0,0,0,0,174,69,281.30310298604127,159.364536802345,52.78812395250708,223.22230707985568,15.152139215486716,1.315984672912366,0,0,6.395604390539809,1,0,0,1,0,0,XXXConfid
5445,61,0,1,0,26.32160604217202,1,17.032699164692286,5.378094534922772,7.950242357411005,6.712886021849007,0,0,0,0,0,0,118,116,297.51161874501474,105.68840062810212,76.6676413978166,369.1254456193852,12.190165692810249,0.7591090052303862,0,0,4.721067449320171,0,0,0,0,0,1,XXXConfid
5520,61,0,1,0,19.384607391236983,0,7.003220104142638,1.2821595882149162,7.262937420940068,8.414082918799455,0,0,1,0,0,0,113,102,232.1020288679376,67.57504338285676,99.959494249715,149.57535932978072,5.956131364603575,0.2815343972898532,0,0,2.038915407284928,0,0,0,0,0,1,XXXConfid
5199,83,0,2,0,26.83774105990606,0,13.23710706162201,9.071344099676253,7.237437810985071,4.616921708713698,0,0,0,0,0,0,125,108,219.47169306681,59.519413702260096,52.16450473788812,206.28965027977983,3.4035004096679176,1.329128302490025,0,1,6.743605747183076,0,0,0,0,0,1,XXXConfid
5113,77,1,3,1,38.81571970534596,0,19.089880658060785,2.7580642792707897,8.9050211853808,7.183497875819476,1,0,0,0,0,1,158,69,156.0957990592384,154.3149272594183,24.40643207984209,285.10711141064814,10.364230909368072,6.681177288430251,0,0,5.708908712582799,0,0,0,0,1,0,XXXConfid
5231,78,0,0,1,34.48545562265012,0,3.904806128248335,1.9638494096063095,3.0488925519748955,7.222419751548105,1,0,1,0,0,0,172,113,275.0255577003059,128.05129808215477,81.5854197047787,215.021155309847,20.912208134382,7.661323351522354,1,1,5.990418742750725,0,0,0,0,0,1,XXXConfid
5236,80,0,2,2,19.53384333013282,1,13.75820890553676,6.857109044869429,8.961687209276011,9.311368618543533,0,1,0,0,0,0,160,99,242.6247426162463,103.5674044783029,33.877168414536044,296.69074243708354,5.710176292185361,7.830720931467109,0,0,3.83624243909877,0,0,0,1,1,0,XXXConfid
5718,80,0,0,1,22.03161132314471,0,19.55682252416021,6.96313118493415,9.465376553062598,5.595907812614986,1,0,0,1,0,1,130,65,189.84811117908583,90.39172207643978,21.94111974400475,110.54123567393262,25.519035940778075,2.003966731424429,0,0,9.45561345932268,0,0,0,1,0,0,XXXConfid
4990,67,1,1,2,28.042208883472625,0,13.885033483397203,7.008935604544408,8.85971689069989,7.249184917690617,0,1,0,1,0,0,127,100,261.7145186874565,124.48334711918724,39.868908586190166,185.70837686247896,25.426067257908148,8.008732572937795,1,1,2.360106868347528,0,0,0,0,1,0,XXXConfid
5699,70,1,0,1,25.476537624875142,1,19.016450469092163,4.463489489614428,5.944252739786585,4.4438304023871344,0,0,0,0,0,0,97,101,212.18868657807536,75.92720328604777,95.26949345386016,265.6033704940236,12.694566276785288,4.5736992696571175,0,0,3.5633741986620904,1,0,0,0,0,1,XXXConfid
5399,63,0,0,2,39.05653347412239,0,18.86193304476414,4.360621292141035,1.1263331247994923,6.751384464281985,0,0,0,0,0,0,130,102,229.84637896655624,127.8097633200625,32.0022873350723,230.28741117327485,3.0903842502323817,5.54201965798975,0,0,5.414517534650514,1,0,0,1,0,0,XXXConfid
5606,70,1,1,1,28.10865428082612,1,8.687297063628051,1.2168690286047112,0.2846484981603669,7.1538219793216085,0,0,0,0,0,0,140,90,156.23229714278253,130.83269136890553,42.17614795107671,231.19831018154773,6.32091521304811,0.217931798635963,0,0,0.2514297256845077,0,0,0,0,0,1,XXXConfid
5448,68,0,1,2,36.95528644325947,1,9.740542504802963,6.056309075618368,8.089298676343683,4.270869466063007,0,0,0,0,0,0,146,85,238.02864744693497,58.73312749882307,31.95079464936449,250.9950017272953,28.812950395868405,8.794687915335533,0,0,9.861125422628843,0,0,0,0,1,0,XXXConfid
5218,71,1,1,1,37.674149960781165,0,14.707459013680609,9.031593675320543,9.246870561437785,6.479318895278821,0,0,0,0,0,1,159,111,208.3896743119604,74.56798699444953,59.343400323168034,98.13802099877762,22.0223379448992,8.545265403079362,0,1,6.250251917132999,0,0,0,0,1,0,XXXConfid
4858,74,1,0,1,21.3997647465231,1,13.170067046148445,9.129938879214652,7.273111374956961,9.774264069329137,1,1,0,0,1,1,155,83,229.7004503799311,196.98481909088176,64.58814154643015,390.0829858948339,0.4068288941014386,1.4764821924718077,0,1,3.53527299449416,0,0,1,0,0,1,XXXConfid
4845,64,0,0,1,18.08232854853098,0,2.574268635226093,8.152379678106405,4.641570411701713,8.197572564748686,1,0,0,0,0,1,160,113,238.05578583470376,78.28349382850546,42.65960632585414,137.17223390062503,14.391726155078135,7.352829848192454,0,0,4.11731146721116,0,0,0,0,1,0,XXXConfid
5417,78,1,1,0,29.019778102524043,0,17.216801969717835,4.324288332986374,8.121660186731148,9.134045681941412,0,0,0,0,0,0,155,94,151.16495354206077,195.5046803930321,69.31121648906696,244.2819874466229,21.840504898944623,0.4255098589639128,1,0,0.4211354730486416,0,0,1,0,1,1,XXXConfid
5638,84,1,0,1,34.21872428500915,0,18.353963661445345,2.9727799664219647,2.8048903458082783,9.01193799043664,1,0,0,0,0,0,128,64,201.41008416501504,148.17049438923766,71.60576233035086,367.0572968838989,11.213167016810626,9.63635264043248,1,0,8.81038385398602,0,0,1,1,1,0,XXXConfid
5083,65,0,0,1,24.87628758773296,0,1.1668975070597187,6.713417133518515,8.107859895109984,6.373858122311737,0,0,1,0,0,1,166,101,297.7304998654694,57.543071273738015,78.2020840298371,286.4130550501812,20.21267502270121,4.87927146831109,1,0,3.446236396621374,0,0,0,0,1,1,XXXConfid
5731,75,0,1,1,21.35319172229446,1,5.929705677918832,9.519568590941413,0.0143323378742976,4.01153788071276,0,0,1,0,0,0,153,100,173.80966383402796,93.44426014076976,74.28346589311376,270.6991025763396,25.874203038912025,7.423696157284148,0,0,1.9475246059653093,0,0,0,1,0,0,XXXConfid
5735,87,1,0,1,15.413378656856752,0,7.545187798037631,1.8062195550049327,5.902405410734182,6.48722504771386,0,0,0,0,0,0,110,91,244.1887383397175,76.35995682637977,42.05044298863528,172.36797918662992,10.424356924346592,9.39573912487334,0,0,8.515630961820603,0,0,1,1,0,0,XXXConfid
5359,67,0,0,1,39.75373948899124,0,6.157564607249341,4.818369761589528,2.594078278923603,5.341225932868805,0,0,0,0,0,0,112,102,263.1727917171374,78.15975744512251,32.062496813595295,380.2112526973546,3.086731053544084,6.5411104001543,1,1,8.795242281175984,1,0,0,1,0,1,XXXConfid
4775,64,1,0,1,15.457688068877603,1,9.775941142399535,7.198931182955705,6.217547835258514,6.732595007672583,0,0,0,0,0,0,153,81,239.26341370570788,198.44986386073307,37.71320826063381,297.5005585236952,12.99198002026128,2.475816654192013,1,1,0.3736267338033638,0,0,0,0,0,1,XXXConfid
5200,70,0,0,3,37.85662915013715,0,5.363986639747171,2.728150863550185,6.104171942036324,8.630975623430349,0,0,0,1,0,1,108,103,154.77109903458577,186.0571302149557,47.77165552837087,364.4605327172065,5.167723054745431,6.567635440550923,0,0,6.8783273677597725,0,0,0,0,0,0,XXXConfid
4826,84,1,0,2,27.763743984775303,1,18.69025509202584,9.861258410369754,2.688521431818063,8.303338438275645,0,0,0,0,0,0,97,118,196.0798369349882,134.95658755798507,74.85628434139129,148.4174204611427,12.927302273539606,2.8620646435920727,1,0,0.8750528152733839,0,0,1,0,0,1,XXXConfid
5225,89,0,0,0,37.63982526230137,0,19.903820211504616,6.284359400990349,0.757732578152801,5.149190793987828,1,1,0,0,0,0,136,115,280.02908476975256,108.89236701329511,57.34772780011884,352.1548897726803,11.967863195414807,0.7296629533893095,0,0,8.513947028784266,0,0,0,0,0,0,XXXConfid
5219,82,0,0,1,38.48336650356528,0,15.284017503568684,5.732626688125098,0.2659927534346273,8.699425747590166,0,1,0,0,0,0,176,87,170.76616746216754,161.46634440618288,38.35432934726662,286.39109328781683,13.364326162295516,9.839970106761678,0,0,7.162137079552293,0,0,0,0,0,0,XXXConfid
5297,66,0,1,2,30.13044530620703,0,12.68736904177237,6.863568853556171,5.041910605266949,4.842706789808173,0,0,0,0,0,0,166,117,250.9662469235833,143.23849440082375,43.40370599476462,137.5525211034927,26.028112327550915,4.351083004082974,0,0,4.926554285909642,0,0,0,0,1,0,XXXConfid
5472,67,1,0,2,20.3617753764162,1,10.666023109764156,9.05767281783992,7.456166043716879,5.765759896496101,0,0,0,0,1,0,114,79,242.73628101764595,171.45214788140663,65.1233662014786,257.43891155230256,5.027985751952104,6.078241649307056,1,0,7.644393529348346,0,1,0,1,0,0,XXXConfid
4924,66,1,0,2,28.730642530703108,0,2.836562813407868,2.8623769371467134,9.962781706857225,7.44015293853918,1,0,0,0,1,0,110,61,186.97651887776092,62.68230984443822,38.15248078934,54.82829133831788,25.887597557563915,8.116123474923656,0,0,0.1548563528543733,0,0,0,0,0,0,XXXConfid
5728,61,0,0,0,19.095537449887782,0,3.73213162208601,0.3702710381690222,4.125469016439372,5.113516218482507,0,0,1,0,0,0,171,115,202.30343707962007,128.5558739473189,67.64883650716929,119.33435435927598,4.9507166456499005,3.180402731598926,0,0,4.426613905824562,0,0,0,1,1,1,XXXConfid
5480,76,1,0,1,24.855343205612023,0,2.2385751830816525,0.0074825923576782,3.271251540247764,5.996706799974347,0,0,0,0,0,0,103,78,160.69647104194152,78.1731556543655,65.49314381566725,135.06235205815324,25.51772589552155,1.11755958880269,1,0,5.794292426049299,0,0,0,0,0,0,XXXConfid
5299,73,0,0,0,20.93432901685861,1,10.782334152805683,9.846121693849613,7.706188813388878,6.409515791966033,0,0,0,0,0,0,100,89,249.4513454981767,58.87818511961348,67.11547192544636,379.219472884822,11.487727226777372,5.575550921465919,0,0,9.74521137038905,0,0,0,0,0,0,XXXConfid
5128,82,1,0,1,29.581096429183532,0,9.863896712957953,9.895206411360297,1.7083445383919638,4.344190525732629,0,0,0,1,1,1,139,89,199.53901690542403,175.9460284521746,78.59844114407058,395.1708210738293,3.99423636041474,5.496974499624105,0,0,9.868634749384425,0,0,1,0,0,0,XXXConfid
5134,90,1,3,1,25.47234956810447,1,3.0356477274937865,9.921600240311404,0.7288373177989571,5.403387946598646,0,0,0,0,1,0,124,101,218.51583605574316,67.43787099313103,77.96780377007332,149.52566213953057,0.2498244029877483,7.720121856670572,1,0,7.122437418346936,0,0,0,0,0,0,XXXConfid
5186,71,1,0,2,24.05007732058668,0,1.3053412934002884,2.637984232674913,3.996835309442904,6.967215914240437,0,0,0,1,0,0,102,68,285.54682479318467,170.73543699026192,94.28563111837502,174.94285025312178,21.746467487260148,3.720994549853728,0,0,0.4463401631423858,0,0,0,0,0,1,XXXConfid
4800,68,1,0,2,32.03489967050928,0,3.060096020243978,3.59993251063514,3.003473371070846,5.12300935684276,0,0,0,0,0,0,114,106,283.27690107127273,91.74234964463577,61.96978305509521,107.76925851425275,16.205444483994544,4.100220769294647,1,0,3.724269698460557,0,0,0,0,0,1,XXXConfid
5496,86,0,0,3,22.52750381422824,0,0.6398162540339447,8.140984216274397,4.49355912331124,9.061901963866132,1,0,0,0,0,0,96,86,250.4254888322601,118.8791158383143,93.32176975392449,299.50662925529446,14.103364981184544,6.042354724294825,0,0,2.218531164507511,0,0,0,0,0,0,XXXConfid
4787,85,0,0,1,36.221033471912186,0,2.6536664118255198,3.985612823500009,2.40458512208533,8.810729380102739,0,0,0,0,0,1,97,60,227.2994680840813,91.43542995437082,85.49093666753777,344.72008094652006,14.105907247055107,0.3121609268889025,1,0,8.744281024870336,1,0,0,0,0,1,XXXConfid
5316,77,1,1,2,28.74395047323121,1,8.175272069884482,3.4221543430722043,0.079588510495272,5.804301983678859,1,0,0,0,0,0,145,70,188.0666324374484,155.07842574861377,82.00380593446891,67.58734770656864,7.9401918070014466,6.221850425352072,0,0,2.5992111602976897,0,0,0,0,0,0,XXXConfid
5534,62,0,0,2,24.043876054570795,1,12.025622756492345,3.260820315311843,1.6846319599080406,8.426711717101824,0,1,0,0,0,0,164,102,174.64229438705098,174.63971452206823,54.42569027709019,273.9446915918521,25.803516642665628,9.891089734220792,0,1,1.9857778146936933,0,0,0,0,0,0,XXXConfid
5308,72,0,0,1,37.625889357067024,0,13.851418499439967,2.7966393988124905,7.24696164812923,5.016506347028884,0,0,0,0,0,0,152,102,276.3109356138469,162.76297569420134,74.90824603098086,90.63820429378453,14.528854852203446,9.427557713303273,0,1,3.6516816920705466,0,0,0,0,0,1,XXXConfid
4962,73,0,0,1,33.00555717514902,1,14.05369447063845,3.6884102930382143,6.053318453324019,4.097670272113894,0,0,0,0,0,0,170,118,200.9836306920429,194.59184421204492,92.03760050201504,330.96868534328416,0.0180217112015279,9.369299047334495,0,0,6.79146692710982,0,0,0,0,0,0,XXXConfid
5290,84,0,0,2,15.791686077004275,0,7.822646893389525,5.526622810979553,4.376103776529499,4.666568754732024,0,0,0,0,0,0,122,60,220.4244667791673,176.51932344109076,30.94415778840439,364.206472520233,11.180667175003864,6.235758036529901,0,0,9.018127781476087,1,0,0,1,0,0,XXXConfid
5301,76,1,0,3,26.336276051674588,0,14.871869329325742,4.560889684861831,6.875791404946584,5.768224050194088,0,0,0,0,1,0,91,87,203.14331378741176,118.14192855964929,28.98697576902704,279.13539571486893,13.821722245622958,4.281652177071439,0,0,9.675192370461923,0,0,0,0,1,0,XXXConfid
5607,62,0,1,1,34.797125884900225,1,12.632616416945034,0.2960009495432258,7.933459191866666,5.630448362922171,0,0,0,1,0,0,122,75,271.42925932493705,55.03726222986258,73.87942998095674,374.5555288777278,18.496147850414864,3.475873247528233,0,0,4.932775959437244,0,0,0,0,0,1,XXXConfid
5016,82,1,2,2,26.13021160050082,1,15.167104812049754,2.387058891409584,9.19797741273432,9.296659877886633,0,0,0,0,0,0,95,69,257.553151731439,68.72299240996685,82.75165270235888,398.82319306790725,11.43364965292576,1.600725663410142,0,0,0.6549079590937956,0,0,0,0,0,1,XXXConfid
5621,76,1,1,2,26.81702801559108,0,10.948195305245846,2.998869256616972,5.88639536862519,6.933118712313695,0,0,0,1,0,0,163,114,170.95694265278073,131.54731087530428,73.35298983567861,106.07969195692463,10.862385859674925,4.787780241079986,1,0,8.786787883601423,0,0,0,1,1,1,XXXConfid
5247,79,1,0,1,36.73334010917422,0,2.000227026044976,0.7373388957436744,5.015220321255779,4.521139748526014,0,0,0,0,0,1,101,83,282.515829194018,124.89200009970422,86.66129121781381,85.40967990271142,13.812138115757271,2.104050564540901,0,0,2.2616595335083822,0,0,0,0,0,1,XXXConfid
5745,90,1,3,2,36.46374793044537,1,0.6786609673555599,2.5732991710669872,4.426083147218157,7.688932274792897,1,1,0,0,0,0,130,76,243.75431081549775,128.20535345797435,61.86710985778605,348.1830128196652,11.431850854936153,9.986410313109603,0,0,4.289368840192172,0,0,0,0,1,0,XXXConfid
5045,64,1,0,2,23.432897072660325,0,11.317356446252788,4.226317940489404,3.9026946337114,8.450676090025189,0,0,0,0,0,0,117,108,255.0706989776121,70.3211987506024,92.04658512793831,296.7657677567298,22.0069125218805,7.244316345107935,0,0,2.817044441293853,0,0,0,0,1,0,XXXConfid
5062,71,1,2,3,17.144102948964687,0,18.046806270945417,0.4728681743255003,6.88608021621942,9.804054245793882,0,0,1,0,0,0,144,67,205.0053174751126,162.80195559099062,85.40019877955396,88.44075969454289,20.524978832356798,5.979063444117414,1,0,7.226231539082527,1,0,1,0,0,0,XXXConfid
5372,84,0,0,1,23.472537248325512,0,15.923144269368493,7.568357885637576,3.3840274201599883,8.079023333621885,1,0,0,1,0,0,168,64,232.09087640218456,102.75542601565544,21.598572620092995,278.9428762985803,9.119424744081044,3.413875597964587,0,0,6.827115613151246,0,1,0,0,0,0,XXXConfid
5261,90,0,1,1,33.00373258863148,1,16.683074248319933,6.680440741888907,5.529074860136526,5.344278656235156,0,0,0,0,1,0,164,103,203.35177879745217,137.0343989613624,46.667016049252965,112.21259458698742,6.3697873844241855,8.415877220501116,0,1,6.064813569464739,0,0,0,0,0,0,XXXConfid
5057,62,1,3,2,29.23561417981011,1,3.962362773612098,3.353167665746435,7.08071921444888,7.066008618328294,0,0,0,0,0,0,118,98,269.51421552245,59.71390765794214,87.20914119792941,121.93617532180002,19.26627907665178,2.822605460008303,0,0,6.967617185650711,0,0,0,0,0,0,XXXConfid
5666,79,1,2,0,31.569574126588712,1,11.69590717235744,2.873365710059106,8.712837387346537,8.792508104306993,0,0,0,0,0,1,153,81,215.7925512343085,104.5323021463181,94.14552771863222,239.2292372109967,8.340569881847014,6.032089431468969,0,0,2.635489289599501,0,0,0,0,0,0,XXXConfid
4875,71,0,0,2,37.05114444699741,0,19.63251740642762,3.024630634575981,7.271644439542941,8.863252738273506,1,0,1,0,0,0,130,94,278.35916670533584,180.08906834411812,60.94312315018498,56.73012751750227,10.965728849438367,9.713520837277493,0,0,5.730220652794644,0,0,0,0,0,0,XXXConfid
4793,68,1,0,3,30.99980980953103,0,6.07243923385691,3.7599192817712743,8.165084570764785,5.532066340099291,0,0,0,1,0,0,98,98,249.2349243405669,139.33507573668945,39.2061980551762,379.4827626481613,10.155358818610411,5.094438729235272,0,1,8.890769869517632,0,0,0,0,0,0,XXXConfid
5546,87,1,0,1,18.609226411156232,0,1.7016978127608229,0.1540314039167212,6.328449229951315,5.2582983783584325,0,0,0,0,0,0,91,85,227.1592775742642,101.0597779203501,39.88258482599737,202.59922524450928,8.239140668248998,3.593654764577892,0,0,7.357408546934019,0,0,0,0,1,0,XXXConfid
4851,78,0,0,0,18.54244492767501,0,4.860764791108226,0.4804277591346562,5.571284224625156,4.179465492095699,0,0,0,1,0,0,139,73,219.25682352938517,70.02839381072694,36.18967475319276,296.9269396078065,15.914143879333707,3.709475577026413,0,1,4.320430743385339,1,0,0,0,0,1,XXXConfid
5578,75,0,1,3,36.70729493447077,0,0.0793135288652102,4.643868312552637,6.812911233935793,7.495585465169061,0,0,0,0,0,0,134,114,201.6062875797897,64.96300446872257,31.41029398898261,397.0754489812312,28.518102723340984,0.6896250659302161,0,0,3.3915379423630574,0,0,0,0,0,0,XXXConfid
5259,78,0,0,1,33.98519349210194,0,16.887559905277364,5.952748702420026,6.1070706708590015,8.49899951713664,0,0,1,1,0,0,126,118,220.99070233077003,161.8309450240304,59.38915364193263,309.530812184391,21.720917388991506,7.289735387196439,1,0,0.8284793051005446,0,0,0,0,1,1,XXXConfid
5640,78,1,0,1,23.855642550143926,1,17.671372107650434,1.4560800376006933,4.566921551109692,6.629945033749318,0,0,0,0,0,0,133,108,180.3943974568782,116.58640864860836,37.66652930500853,138.99673997464123,29.88009851458337,2.823187646847068,0,0,3.5748416048607554,0,1,1,0,1,0,XXXConfid
5002,88,1,0,1,38.99098625166495,0,17.859025032709326,9.750502979239986,9.780858306231927,4.96580957734434,0,0,0,0,1,0,143,116,207.93863767444736,157.16101502695597,73.64850077388695,166.88414113218937,29.64848007918171,9.859059730420364,0,0,0.3740142696966364,0,0,1,0,1,0,XXXConfid
5542,61,1,0,2,26.19558977259958,0,15.67346939629252,3.634409193411584,9.02720458116004,5.137590418756876,0,1,0,0,0,0,175,61,151.2096169989198,124.49267687535998,45.436766602167616,260.0160323542647,13.560872080441928,3.2164595350837253,0,0,2.342836271472049,0,1,1,0,1,1,XXXConfid
5497,75,1,0,1,32.25629479137592,0,14.4457595419653,2.9125211815967464,2.8045856285619486,7.32706468176541,0,0,0,1,1,0,141,76,242.93097011056727,87.76995917692011,29.09843742271038,314.7800545321642,19.33257973910709,8.843996011915253,0,0,4.075043150912292,0,0,0,0,0,0,XXXConfid
5237,74,1,2,2,23.395481326899343,0,19.988291320978103,1.2748308719550172,3.512902698843994,9.707421150982734,0,0,0,1,0,0,146,93,163.55971549207308,124.9451823012802,36.84420367944114,214.3321262334076,6.553472117886047,0.8150807231518409,0,0,4.629737854139917,0,0,0,0,0,1,XXXConfid
4852,79,1,1,2,18.560207881676323,0,19.273590824549693,0.4131376862049818,3.5035105567365843,7.673755281870287,0,0,0,0,0,0,140,110,154.32821572019236,53.20936964040757,60.39727399432085,230.15065762197955,25.990321259239405,3.5846413222357154,0,1,5.072395017769242,0,0,0,0,1,0,XXXConfid
4969,81,0,0,2,18.651175269744268,0,2.4407477795284094,9.923465322479109,7.262113581088433,7.047064043362823,1,0,0,0,0,0,168,78,203.08698608655737,147.60068470255072,41.74260101055228,230.36774757879343,27.954158723856672,5.485697402427,0,1,4.133868873015464,0,0,0,0,0,0,XXXConfid
5568,80,1,0,0,21.323532392699946,1,9.825940994494497,9.315504716392798,0.9445148029626472,4.230832592134522,0,0,0,0,0,0,130,114,282.5662589546477,128.77486287590023,28.031254068690476,262.9299544321201,12.01490099086859,1.576858379643622,0,0,2.720543185495644,0,0,0,0,0,1,XXXConfid
5243,64,1,2,1,23.39632280529781,1,0.4827098920402695,3.9827995612988665,2.5262863343136663,5.5675162972948575,0,0,0,0,0,0,144,84,183.0430508099216,189.8308275673659,25.26652373407461,65.64133201962161,11.013341815833192,2.16872204369013,0,0,3.185604867080387,0,1,0,1,0,1,XXXConfid
5743,80,0,3,1,20.49630030208173,0,11.124936266597384,7.4554337532063215,7.57729186221249,4.787268358239647,0,0,1,0,0,0,160,92,278.3838230612157,179.02309850358117,36.60743636762126,388.2689750729708,12.501177081797763,3.210631318166429,0,0,6.497650701181094,0,0,0,0,0,0,XXXConfid
5257,61,0,1,1,20.168624255797692,1,6.564912136217953,0.947122705287885,1.4991405343037745,6.67417599638104,0,1,0,0,0,0,127,95,299.30746725015496,142.89348163213464,41.989991952685,97.0377547593274,23.75605796296018,7.620011460674929,0,0,3.927277422455193,0,0,0,0,0,0,XXXConfid
4768,65,1,0,1,16.33328275322603,1,4.161794911046941,1.3063204115225913,2.888935527871229,5.436422671151927,0,0,0,0,0,1,154,61,183.1123334671573,101.25819637493116,39.22966601450789,374.8551646323911,18.049293886661907,4.0195462370333335,0,0,2.892939936273016,0,0,0,0,0,1,XXXConfid
5121,70,0,1,2,19.156361914454504,0,11.51201639855574,1.328173694641228,0.989180688647121,4.695397483026665,0,0,1,0,0,0,174,101,299.326714375141,105.60849098892676,87.9834103180042,106.37017854735916,1.299447053935774,6.496209764962849,0,0,7.72427437839856,0,0,0,0,1,0,XXXConfid
5491,90,0,1,0,29.211111531357943,0,15.811718037997029,1.4311811363280658,9.419059192876569,7.862941193516271,1,0,1,1,0,0,110,88,219.82785255883977,167.28052556200254,47.0102415240057,375.1044362815366,18.94588771622801,0.1817548528349011,0,0,0.8030324921430332,0,0,0,0,1,1,XXXConfid
4881,76,0,3,0,22.43511669564493,0,7.640756818619437,9.495844194108187,5.787581574977284,7.976352588369464,0,0,0,0,0,0,155,93,167.8161857918722,168.6719950253962,46.61218304363174,274.3757908136106,6.333894355714965,1.40478589455724,0,1,4.008385326440212,0,0,0,0,0,1,XXXConfid
5213,88,0,0,1,29.866989664859734,0,14.106951014909429,2.4778463405008635,5.645933615277655,5.173993289467553,0,0,1,0,0,1,133,117,273.5468618763812,102.45683750104602,70.8391592608314,67.32836573747804,13.47074874375138,7.368927853791005,0,1,5.08384618925339,0,1,0,0,0,0,XXXConfid
4964,86,1,2,2,26.885583564896137,1,2.1140315840752533,1.6483621861255129,9.665525640919125,9.041231385684767,0,0,0,0,0,0,139,119,295.9882971147097,186.59107891217928,63.77030926421571,141.96091816790042,21.014039731293348,3.247965654070697,0,0,3.239956378855784,0,0,0,0,0,1,XXXConfid
5695,61,0,0,3,36.412321657717285,0,8.241659205149965,9.503743628297228,5.873898985432833,4.052766198890813,0,0,1,0,0,0,125,115,164.67869582987532,86.78400160598596,40.17017264156146,344.2135302692709,18.44771984308527,3.042037444353812,0,0,0.4560976086113177,0,0,0,0,0,1,XXXConfid
4832,71,0,2,1,32.57251646697094,0,3.321739143860447,0.954071962934343,1.1619638862213233,8.066368178025488,0,0,0,0,0,1,156,75,257.1495471221082,198.6193851262339,74.68265779071879,182.01240081247448,4.456185718610732,7.183131705379264,0,0,3.6102761605942346,0,0,0,0,0,0,XXXConfid
5452,89,1,0,2,35.62810389849413,0,2.061772744663404,6.351615316516396,9.855714745153234,7.896565343281841,0,0,0,0,0,0,123,72,150.28701409601246,163.42498608066958,58.714097703184976,362.6785550565328,17.692156647894727,4.099217376276703,0,0,2.2672122349013426,0,0,0,0,0,1,XXXConfid
4753,73,0,3,1,17.795882442817113,0,19.55508452555359,7.844987790974517,1.826334664579784,9.673574157961111,1,0,0,0,0,0,99,116,284.1818577646338,153.3227621844376,69.77229186479597,83.63832413899468,7.356248624670334,5.895077345354194,0,0,7.119547742738579,0,1,0,1,0,0,XXXConfid
5556,75,0,0,2,30.32349952789493,1,17.012679600781706,5.927805601500352,3.6017309412976384,8.678726854991577,0,0,1,0,0,0,91,66,196.4405611216587,191.2522175265601,46.00761732964644,342.8364462674027,3.408015324836098,7.659399552285709,0,0,1.7803699297082276,0,0,1,0,0,0,XXXConfid
5284,68,0,2,1,15.59844248027632,0,8.562515898467701,5.54878187647814,9.801591138427929,4.412911474878718,0,0,0,0,0,0,152,89,198.1982402860137,109.93451528131531,81.74733058648799,166.83578668104047,17.493064101748296,9.204091902461576,1,0,7.447431910322949,0,0,0,0,0,0,XXXConfid
5487,87,1,2,1,32.1135853256703,0,6.291862903753708,9.314859512704606,7.79005036310534,5.499359896738556,0,0,0,0,0,1,172,88,247.00323487482584,113.07544811883326,58.70557873775351,235.1747838829296,0.5305209052132054,2.7289646278100244,0,0,4.512840629341246,0,0,0,0,0,1,XXXConfid
5547,66,0,0,1,31.003762047731907,0,16.913568180007058,0.1589592279692042,0.4024871846720568,4.679587352168952,0,0,0,0,0,0,172,68,223.2163892660098,79.56411911021024,48.97804176637195,158.30273826915138,3.463961800754891,4.10486891729517,0,0,8.213951734788845,0,0,1,0,1,0,XXXConfid
5277,89,0,0,2,22.32233492399432,0,17.83480753680989,7.630076330452645,8.798753135970216,7.962467013853606,0,0,1,0,0,0,131,72,289.5714335547823,77.60546206388308,51.17283301978677,283.04835751566486,7.390533358159933,9.168384008554357,0,0,7.986341744083989,1,0,0,0,0,0,XXXConfid
5736,70,0,0,0,19.661953192443512,1,13.475832427743184,3.093671617076923,5.141619213666174,6.4761665458765885,0,1,0,0,0,1,143,66,201.6093537782604,143.00194415938972,40.25805571305952,170.43488561924102,3.59902786799735,2.4322339561388384,0,0,3.464816455107119,0,0,0,1,1,1,XXXConfid
5475,73,1,0,1,15.738828394733194,0,9.0221845203499,6.430375388504154,4.982461958391986,9.966227268387062,0,0,0,0,0,0,100,114,251.20798989952013,81.03046123445809,75.78443017450326,355.50478560217243,2.264790782679013,9.369573631623837,0,0,6.517006825836146,1,0,0,0,0,0,XXXConfid
5609,64,0,0,2,29.023326861435905,0,12.057723589756336,1.7766127835706946,2.984546298460038,5.346366681492616,0,1,0,0,0,0,113,67,252.7455407936748,115.72096197290657,87.4706623061991,69.6667493694587,8.087081029084445,3.3999545181232547,0,0,7.605583897694538,0,0,0,0,1,0,XXXConfid
4803,79,1,0,1,16.77870147946048,0,17.24308131100337,6.578338282934574,4.701480109633602,7.981846356255614,1,0,0,0,0,1,134,95,267.13549272767267,171.22243220803205,73.83044729035757,136.3147947932837,27.59422687527112,3.166224293388258,0,0,2.8759495008624523,0,0,0,0,1,0,XXXConfid
4798,69,1,3,0,16.480198981011053,1,17.94765303767396,0.307673696903642,8.951569609585077,5.720984795484445,0,0,0,0,0,0,145,106,240.1482735887456,102.4563827981049,52.677854416676766,214.04648298991845,14.201644862770053,8.873655655097439,0,1,8.052004386050056,0,0,0,0,0,0,XXXConfid
5091,83,1,0,2,27.492877285734814,1,2.740603653527942,4.260907148721356,8.802184096910885,8.566773966305346,0,0,0,1,0,0,162,113,198.63224167388628,162.5703199011616,64.89299823416496,108.59966238836924,13.02760387493191,8.06389790081406,0,0,8.783265408679066,0,0,0,0,0,0,XXXConfid
5669,65,1,0,1,24.902348291876816,0,15.234631222231464,7.187936349728105,5.367797440849382,5.109117934065715,0,0,0,0,0,0,145,75,273.42137175909744,74.3601230798165,25.949395816300243,218.75281169485797,21.03388701878906,1.0231558290470777,0,0,0.3605842849457552,0,0,0,0,0,1,XXXConfid
5036,62,1,0,2,31.607917480347776,0,9.044636277496274,0.9595988686605516,0.7229252950196874,4.547585313693178,1,0,0,0,1,0,109,78,186.2583897209261,90.4235182801106,34.48643790028748,294.6361761761375,28.926149427333787,2.8497289897145217,0,0,7.889519343773626,0,0,0,0,0,0,XXXConfid
5262,67,1,0,2,34.09835946842374,0,3.9005981250810695,3.1029737353496056,1.3163521593549876,8.883737371803216,0,1,0,0,1,0,131,65,221.26613119228315,96.84257827356431,66.88872239613464,335.0435479325505,4.026648846349156,6.515383184731082,0,0,0.3533861272934047,0,0,0,0,0,0,XXXConfid
4754,74,1,0,1,33.80081704413547,1,12.209265546203785,8.428001350491492,7.43560414000302,8.392553685350862,0,0,0,0,0,0,118,115,159.58223960561193,65.36663683521382,68.45749070794797,277.5773575001914,13.991127243891668,8.965106303658107,0,1,6.48122585936608,0,0,0,0,0,0,XXXConfid
5050,72,0,0,2,17.998346264403057,1,12.044805566477669,3.106094286761956,0.2614117110299296,9.845341047143563,0,0,0,0,0,0,98,102,268.1889304708192,186.03987870518847,25.00001009912056,336.28485567727984,11.730651675944202,8.278716266366109,0,0,8.759408584751094,0,1,0,0,0,0,XXXConfid
5519,78,1,1,0,20.35934269346895,1,5.25678119128711,8.747961243109675,6.297251043129305,5.907485005547148,0,0,1,0,0,0,149,99,245.71127673013424,181.7666772672932,87.46086004652194,354.59392174814656,28.199525526254625,3.9579043140964,0,0,7.458042291503274,0,0,0,0,0,0,XXXConfid
5181,73,1,1,0,32.37796518352276,0,17.202623089466083,4.105603350418483,9.366785437294224,4.933466927644121,1,0,0,1,0,0,146,104,173.92609794802655,86.06590725951935,50.7294295751354,90.81806687286776,3.454366714064161,5.66794286992072,0,1,0.5118055757262407,0,0,1,0,0,1,XXXConfid
5214,74,1,1,0,36.32230879794626,0,10.13815597307946,8.708641292100307,5.929389278888106,7.669125487453284,0,0,0,0,0,0,149,61,244.1871971309224,82.90639780468612,38.46467987729217,121.73583128327522,21.53833978193527,1.97664092825,0,0,8.145371726606678,0,1,0,0,0,0,XXXConfid
4920,66,0,1,1,21.348198668213392,0,17.796538616521296,0.4040290980123007,6.508083990481564,6.336382527487426,1,0,0,0,0,0,148,84,269.0935544732931,177.3332432846567,83.93503703987889,161.06558867543782,15.190488343148274,4.76530136186626,0,0,7.014939936490442,0,1,0,0,0,0,XXXConfid
5401,87,0,3,1,21.631578090964517,0,14.7488213333234,5.445477455615908,0.2247298158982014,8.197225626320945,0,0,0,0,0,0,134,103,197.4744375817976,72.91964315071922,48.92662267766628,257.1424926670645,5.328673520836682,1.1120260546586205,0,0,8.292531525386948,1,0,0,1,0,0,XXXConfid
4871,70,0,0,1,39.63715262864945,0,3.681992905749856,0.2855096295683323,5.19867613761583,7.682909988495406,0,0,0,0,0,1,92,70,281.02681992430763,169.72617619895976,99.76895477633975,343.56734217585154,15.20651974704618,5.825126056150248,0,1,8.126068316033583,0,1,1,0,1,0,XXXConfid
4884,73,0,3,1,16.207436981928865,0,17.833373488481573,8.484430437995867,8.329890047595278,4.918900700392317,0,0,0,0,0,0,121,98,173.07766035686896,117.9705417211171,72.42447291662387,258.9916115114856,5.702688382673761,2.61001650250831,0,0,6.021654732403647,0,1,0,0,0,0,XXXConfid
5175,71,0,0,1,37.42158191661356,0,19.480927816996065,9.511493319912825,5.411153434476521,4.155608930313978,0,0,1,0,0,0,109,84,284.9283417472001,160.62926441762974,27.63412735344589,208.7176191246571,9.583679770907516,9.470413106364637,0,0,5.004761604291522,0,0,1,0,1,0,XXXConfid
4882,60,0,1,1,16.19656940234525,0,4.7167250048000975,3.759815129277269,3.3944368598674366,9.636810651736614,0,0,0,0,0,0,172,64,273.0459290095681,174.85615753999411,90.1344580772458,118.19055925076847,19.9657358198544,6.284235895115312,0,1,7.681795642179516,0,0,0,0,0,0,XXXConfid
5732,79,0,0,1,37.93185507284152,0,1.805132011549293,2.901622117834174,1.637303961272697,5.875851902792962,1,0,0,0,0,0,177,62,228.5070472424168,50.79308654636876,40.716017202992575,98.05987107766556,15.230459451227484,3.721456667256328,0,0,3.962779424217529,0,1,0,1,0,1,XXXConfid
5144,75,0,0,2,37.48287990738551,1,3.636159028113015,7.895616875009111,1.7287967356302036,8.59236133234314,0,1,0,1,0,1,108,91,198.1260373068002,85.21394170818112,91.06861336262192,337.83824618868744,23.13214138891787,6.624325443693527,1,0,1.5378043561157806,0,0,0,0,1,1,XXXConfid
5446,90,1,2,2,32.9716841300903,0,17.662549629123692,0.0760463762111662,6.636221498302236,5.810700352595247,0,0,0,0,0,0,163,103,235.44902651233747,60.71275117584509,78.08426817479813,177.28417486994957,4.7648545564552,7.140731526453815,1,0,2.557549107378513,0,1,0,0,0,1,XXXConfid
5352,73,1,1,2,27.860726812958124,0,2.0715721209632343,2.9412209521484223,0.1329206214370493,8.661208850326737,0,0,0,1,0,0,128,69,197.76795862841152,163.82146998783475,93.4326700420213,179.88232562333994,3.65919231220576,7.575550419312378,0,0,3.3717639370412025,1,0,0,0,0,0,XXXConfid
5239,77,0,0,1,26.51624543888031,1,8.396824154758917,9.924836624690496,8.529222386570195,8.043233714155384,1,0,0,1,0,1,172,113,184.98640697120905,132.9319421698607,56.76535991721202,159.7101638683077,2.2311962281636752,8.121256203395127,0,0,1.9806190996785469,0,0,0,0,0,0,XXXConfid
5525,76,0,0,1,35.88129028524742,1,16.29479286857959,7.118326434680215,0.3803108516681774,4.2365571645153,0,0,1,0,0,0,99,71,235.00894935379023,59.31091666104368,43.34620974996223,355.8923833280397,11.770506184736366,3.751170219328901,0,0,8.07882453706235,0,0,0,0,0,0,XXXConfid
5530,77,1,0,2,30.031884504199454,0,4.769471511497532,0.3282550002386575,7.858171753712519,4.149339920847824,0,0,0,0,0,0,163,76,298.3116940596366,157.1528987715459,99.52083915333074,128.43181750660858,14.025034657797558,5.396053123223261,1,0,4.072263399104388,0,1,1,0,0,1,XXXConfid
5561,87,0,0,2,30.173938686378136,0,1.6539770205338211,7.27668639314882,5.160906880730353,6.219263764728556,0,0,0,1,0,0,139,87,237.62161075218972,147.33027323603196,27.21292873497996,346.06397237964177,18.568193408201378,3.317615688568188,0,0,2.8084704159058105,0,0,0,0,0,1,XXXConfid
4756,86,1,1,1,30.626885546270938,0,4.140143784276235,0.2110616306660206,1.584922010674088,7.261952504681128,0,0,1,0,0,0,168,62,280.71253869023684,198.33462850589245,79.08050328760615,263.943654869938,27.51752897800825,5.510144075004051,0,0,9.01568628212186,1,0,0,0,0,0,XXXConfid
4952,65,1,2,2,16.63153375291955,0,12.036374463629048,6.729113935977917,8.369564749604304,6.518285464954447,0,0,0,0,1,0,152,109,236.8272453747436,115.8057032056351,36.24971949841519,209.24600849636843,19.856425477600386,8.154822821675824,1,0,1.1208250793440555,0,0,0,0,0,1,XXXConfid
5453,62,1,0,0,26.331549828032333,1,18.23554319273985,8.106837335157191,7.3378083845263475,9.11639258901301,0,1,0,0,1,1,164,76,165.64372512122384,142.56054452958972,35.50984285490732,98.96544701960144,26.46862825219084,0.2405953645625735,0,0,1.8905914769390155,1,1,0,0,1,0,XXXConfid
4902,68,1,0,0,28.65526564258021,0,17.61862752188633,6.986113659199039,5.667312653941993,6.457284377165646,0,0,0,0,0,0,123,112,151.2807568338238,173.0919758947024,61.256629452673934,52.41445084314964,20.824012119652448,9.710308870767696,0,0,3.397681840168341,0,0,0,0,1,0,XXXConfid
5148,77,0,0,1,20.2339774031436,0,14.6730952362691,5.557453261925682,0.8817529165948146,6.845186386542547,0,0,0,0,0,0,169,94,281.7614298623429,180.5857854017608,48.01168279648978,237.93782669093983,14.06873527136127,7.372740483725993,0,0,0.8096881512411358,0,1,0,0,0,0,XXXConfid
5292,72,0,1,3,24.08546854555676,1,1.4033899009230155,3.6260155744228872,3.338993082810972,6.705386945570274,0,0,0,0,0,1,95,111,229.4429782971877,111.41428775468182,35.47044632214362,50.40719361978579,20.51864743211288,2.454897673524996,0,0,9.934789879347914,0,0,0,0,1,0,XXXConfid
5364,61,1,1,0,29.270539720654966,0,14.782027759197709,7.315484244127758,2.976618872327678,7.417461067935494,1,1,0,0,0,0,139,99,172.68369370396667,138.067488970794,42.289510035827405,306.5223404651766,4.877793215517069,8.872867242414067,1,0,0.775005300252547,0,1,0,0,0,1,XXXConfid
5177,72,1,0,1,23.308724110104823,0,2.3471470578889453,3.185526336650195,8.75080329406061,4.293652052742123,1,0,0,0,0,1,164,67,269.87603807549283,148.0083510978437,26.81426556825943,317.7381497294674,15.42983831323286,4.271401469321047,0,1,9.427577689722597,1,0,0,0,1,1,XXXConfid
5319,61,0,0,1,28.163856330667144,0,19.40776417753174,2.025041763683406,8.900272640032163,6.505724574785847,1,0,0,0,0,1,160,104,193.85121807869317,126.4782945209608,82.51991803703501,349.5658665427625,0.340244812578292,8.546096144345661,0,0,6.622717545605098,0,0,1,0,1,0,XXXConfid
5700,71,0,0,2,16.496328807994924,0,11.643087587350136,3.974651902345745,6.461333904346765,4.409469111618898,1,0,0,0,0,0,155,81,159.98075596054613,103.12956955449708,52.30439698464601,74.41424878971664,4.862269606602448,2.4714083258654886,0,0,9.788455762694795,0,0,0,0,0,0,XXXConfid
5320,78,1,0,3,17.769492535980987,1,16.026554342276498,4.4916812706227365,2.976172876384908,9.521426884504944,0,1,0,0,0,0,143,67,162.14829525713245,166.36262357691805,37.58845123653459,113.8607661543334,15.228558566459023,8.205144863896331,1,0,9.453333739201156,1,0,0,0,1,0,XXXConfid
5485,89,1,1,1,31.39105073650012,0,19.105644160521138,3.5721545617104047,7.051892021106089,5.209891759708794,0,0,0,0,0,0,147,92,204.1399720648112,64.44733575748359,78.89625305256422,52.363812752159845,1.2701898290304947,5.609485666230677,1,0,8.538602526911218,0,0,0,0,0,0,XXXConfid
4933,78,1,0,2,24.265812908986018,1,19.80001049429024,4.427868031308888,0.3079157255631615,5.277151781041667,1,1,0,0,0,0,169,101,287.9565592986347,74.48851157454618,48.73395916526966,239.7639561875005,8.012671641809408,9.22746414070656,0,1,6.684108336432633,0,0,0,0,0,0,XXXConfid
5469,84,1,2,0,33.8170080681649,0,0.4886490159588486,4.720411430365719,2.0040431600749664,9.742267392478617,0,0,0,0,0,1,139,111,255.7621593651454,175.32346946780643,81.20485693243951,264.4681312555418,20.625684539225905,3.4203437922925795,0,1,9.17955841041201,1,1,0,0,0,1,XXXConfid
5122,61,0,0,3,31.291777553906776,1,4.466923321185357,9.559487343867854,4.569653792308568,4.882426857814032,0,0,0,0,0,1,135,79,201.35846470122584,54.76869679889376,48.66309049995573,352.7480776662802,13.939264438716512,4.976142969180732,0,0,6.86131143084711,0,1,0,0,0,0,XXXConfid
5531,86,0,2,1,28.15596133231321,0,18.629164139053078,6.535592701744366,1.316452128094029,9.62059046342095,1,0,0,0,0,0,139,86,228.03822423817115,53.21927686354682,69.10025795224004,288.4189402792399,20.61033725738712,5.5668733762851765,0,0,0.2329379393125519,0,0,0,0,1,0,XXXConfid
4761,89,0,3,1,39.46303422106146,0,9.811292128906842,8.819950351470192,0.4340202778290269,7.644097300051016,0,0,0,0,0,0,131,86,224.52643740134403,160.7564751153461,68.32831269134016,172.78522009458237,19.69610670645021,8.246968116664839,0,0,2.0189400651747635,0,1,0,0,1,0,XXXConfid
5042,72,0,0,0,29.334527502140062,1,5.25256419182772,5.099925362433439,1.116501688135907,6.740129974944856,0,0,0,1,0,0,156,119,258.71269044784225,181.41170982400087,24.923854856709298,356.91539691275733,17.7637365347066,5.449186852292462,1,0,6.13942217750313,0,0,0,0,0,0,XXXConfid
5652,76,1,3,2,37.264146193739336,1,0.2893602299771891,1.2160856841277767,5.185738605716991,7.874572987395695,1,0,0,0,0,0,165,114,270.8778640454116,85.67109129299948,97.03112244045758,76.03170060157152,28.085507724937333,4.894405543009047,0,0,0.2577534247361779,1,0,0,0,1,0,XXXConfid
4880,63,0,3,2,21.615799680101308,1,13.304053227716071,0.8359445390799392,0.0130556837640138,5.314996764804624,0,0,0,0,0,0,176,85,193.5289288646052,127.33582741705392,78.84216015725939,198.00944038134028,6.061105467435343,5.572770025889363,0,1,8.045859436750382,0,0,0,0,0,0,XXXConfid
5133,71,0,1,1,22.984127551993694,0,0.1034600067530155,3.116850237927399,3.1795234450598238,4.678967985171946,1,0,0,0,0,1,167,83,255.0086670149443,101.35865302284417,77.43665615029099,186.82088517957007,0.9258180088673572,3.626283271278514,0,0,4.340573130313466,1,1,0,0,0,1,XXXConfid
5628,66,1,0,1,36.48539126801879,0,8.875216839765415,9.57936579965035,0.4353920273797462,8.727111303658345,1,0,1,0,0,1,128,87,212.57581582620583,98.53072584208628,35.30510101925945,369.5751497682675,1.3071676825547809,2.773332686994514,0,0,8.308902826045848,0,0,0,0,1,0,XXXConfid
5171,69,1,0,1,28.91736073307318,0,13.669602837097436,7.5977282832945905,6.953287361996885,5.864524032592081,0,0,0,0,0,0,108,71,203.9146285626784,175.4847749817415,89.94300181975208,236.6284785060365,6.01029947928276,2.176818165356021,0,0,3.1766633342341644,0,1,0,0,0,1,XXXConfid
5106,85,0,2,2,20.95334359075645,0,0.4075447167718971,8.741726929868182,5.066292941246626,5.9908346922704805,0,0,1,0,0,0,119,72,199.79936986915865,192.18679064260564,70.3094723575938,276.40930894706923,24.80300102637889,6.613425847958784,0,0,1.1248767848172103,0,0,0,0,0,0,XXXConfid
5180,64,0,1,0,31.587736101341477,0,8.85505956131011,6.765898987161341,2.252369980813805,6.091912799647166,0,0,0,0,0,0,139,100,276.8221622044633,92.96265161066783,73.00184724189162,160.43924185728034,7.222207065823425,6.39560722562339,0,0,6.264302476856603,0,0,0,0,1,0,XXXConfid
5060,88,0,0,0,19.379195598727,0,6.537883163817934,5.606976531166072,0.7158290705509041,4.839175132911661,0,0,1,0,0,0,117,72,262.5183634121691,96.53995378245496,74.37197553809187,62.30606948852526,15.411327386385311,9.899695035428309,0,0,4.323789373243323,0,0,0,0,0,0,XXXConfid
4911,85,1,0,2,22.925783045554983,0,17.585493474728548,5.109163018047287,5.108594593846409,8.634985519583338,1,0,0,1,0,0,94,106,245.754760732488,143.4379129323255,56.12173001334641,326.8745753931273,6.207370230452844,2.4193407163430667,0,0,3.918579557374222,0,0,0,0,0,1,XXXConfid
5294,72,0,1,1,35.502538131831045,0,10.628693851616632,1.2784622060504158,6.750428946099579,5.9926631635870695,0,0,1,0,0,0,148,116,202.23380434289504,106.47699488855748,91.8590735726052,136.28642614591007,24.17146913211301,6.804936609377512,0,1,7.437523465893179,0,1,1,0,0,0,XXXConfid
5427,88,1,1,3,24.620868052234652,0,19.23438934271161,2.7219315264576998,3.637421514970604,4.678770167221607,1,0,0,0,0,0,126,101,265.60169356317874,134.33073471084396,41.66254614877285,348.86697876084344,8.601337246340591,9.857108424832568,0,0,6.882213466575574,0,0,0,0,1,0,XXXConfid
5086,68,1,2,2,37.37971436534558,0,10.85464534887771,0.3582904758380423,0.2306342808612216,9.759514399592536,0,0,0,0,0,0,109,91,221.85151323193625,194.8338045132989,99.16262560520352,258.21269224735613,5.669865490946683,6.146902075218702,0,1,7.481445749528457,0,0,0,0,1,0,XXXConfid
5630,80,1,0,1,34.96488619922512,1,8.941474156840677,8.504555794214209,7.294891901072061,5.965927730390957,0,0,0,0,1,0,170,95,265.6159541334921,179.03235568373137,80.98081962722426,114.28779618536612,8.409087917349543,0.6008373782473408,0,1,1.6923184482903308,1,0,0,0,1,1,XXXConfid
5619,68,0,3,1,15.1169711122146,0,5.549996302189182,0.0654938099083202,6.832136923940928,5.110181990110788,1,0,0,0,0,0,135,102,178.55451496709236,182.8749963271844,94.07913708380492,350.9135266759922,23.384717132305184,0.1232986121957058,0,0,0.455580144801806,0,0,0,0,0,1,XXXConfid
5170,73,1,0,1,36.92603874214224,0,15.835243257431175,5.265447014146374,0.0396676639279203,9.894755140273428,0,0,0,0,0,0,121,94,269.6812835977211,122.81011037454708,54.003204510088125,107.05340243641132,19.83557641763997,5.712410237947556,1,1,1.2757365726485637,0,0,0,0,1,1,XXXConfid
5503,87,0,0,0,31.560152455426067,0,5.545507736150115,3.354029118572057,5.478716969589126,5.477017096125293,0,0,1,0,0,0,95,99,291.60462117063867,157.79203264813262,44.49253879569178,123.0024776621256,19.56184077072657,6.8268871098876085,0,0,2.090865480547196,0,0,0,0,1,0,XXXConfid
5450,76,1,0,1,25.786356328889923,0,8.361981365360233,6.375726500473874,6.707960994327426,5.914846214864856,1,0,0,0,0,0,138,70,230.33055346943328,118.95004955147304,47.97797767293402,234.888082220601,23.23473844570124,6.311200802320328,0,0,1.1531659008486417,0,0,0,0,0,0,XXXConfid
5298,66,1,1,2,37.21149421292094,0,8.358161514841182,3.305906007415356,6.40263486025694,5.610049980880746,1,0,0,1,0,0,157,93,179.4121841601822,162.6202376255474,69.44589025313263,397.0403922658666,17.145797051975354,7.513743793632342,0,0,9.726473533382764,0,0,0,0,1,0,XXXConfid
5457,82,0,0,3,32.74449622690297,0,0.6505837068464992,4.837964451767291,8.290195696376037,6.755238449458807,0,0,0,0,0,0,149,80,236.5826405996664,186.60948907168887,62.377184503696775,51.47292410688606,1.0797059368201078,8.986988059268189,0,0,8.687469099414747,0,0,0,0,0,0,XXXConfid
5587,61,0,2,0,22.54674577072894,1,6.34281063189408,5.675807655973054,5.126586033197088,4.903181362921871,0,0,0,0,0,0,112,69,195.0641282365609,116.13846092364692,28.026980968241013,257.4405431694219,4.604198141192192,2.3132160588623707,0,0,1.5136810652275934,1,0,1,0,0,1,XXXConfid
5398,68,0,3,0,35.468697084486365,0,9.01294145439936,1.8673925957968107,9.620482576653258,7.753476551493845,0,0,0,0,0,0,109,107,165.03720502622068,82.81521216277531,99.80943675005632,100.26685277913984,2.2491026951831463,3.2244216094331133,0,0,9.063700485279956,0,0,0,0,0,0,XXXConfid
4759,72,1,1,0,27.833188380332352,0,12.167847629604712,1.531359787981249,6.736882043694737,5.748223868874191,0,0,0,0,0,1,117,119,233.60575518016796,144.0457395725674,43.075893172318416,151.16418620325027,25.82073187432767,7.39606097967361,0,1,0.7562318075997931,0,0,1,0,0,0,XXXConfid
4987,89,1,0,1,26.14708720319304,0,9.550822078053152,2.632073565835116,9.16820617405654,6.896320695086148,0,0,0,1,0,0,141,101,230.25903235303184,158.88690604902774,32.238292138315074,156.49552300722047,11.503217224783771,9.55564622691802,0,0,3.631867790910847,0,0,1,0,0,0,XXXConfid
5553,67,1,0,2,17.00994297984098,0,6.069015231626212,3.605856957574801,4.93156857808274,4.515741024595194,0,0,0,1,0,0,94,62,273.6187001851626,165.1404053969457,47.25975362082755,280.150940573655,10.362395492667964,7.561958902689429,0,0,1.0647052594476891,1,0,0,0,0,0,XXXConfid
5415,69,1,0,2,37.98868230919786,0,5.41293801046425,8.661140757789703,8.263853383711036,7.0441538238361145,0,0,0,0,0,0,163,112,201.9992498508526,178.92854915631395,86.8085870242521,302.30471795183087,20.73027105752985,7.810076633272988,0,1,5.551865842881388,0,0,0,0,0,0,XXXConfid
5476,83,1,2,2,27.415037765042907,1,5.2097416328769,3.496460535119695,3.109888694326134,4.978310212278903,0,0,0,0,0,0,97,65,159.98742359943796,170.30703165925792,44.78660179232818,116.90027884305194,25.434216533512256,6.029833693965962,0,1,1.2659285681193444,1,0,0,0,0,0,XXXConfid
5392,86,1,0,1,31.683401469315186,0,9.58369599805059,9.528932214547233,8.019542204482285,7.6094896122200755,1,0,0,0,0,0,127,61,271.04250229590696,62.489761834537305,20.57716177694436,212.80562677192697,21.520118370592904,5.7306065396258425,0,0,3.4948637292105977,0,0,0,0,0,0,XXXConfid
5115,72,1,0,0,19.39258390699771,0,6.413479187093625,9.30272939418881,4.037829830055766,5.366642451520756,0,0,0,0,0,0,171,81,235.3577263440185,88.38835088965834,28.946927787037644,361.577359824101,2.16115416508486,3.1613091414976435,0,0,3.913768710846776,0,0,0,0,0,1,XXXConfid
5624,84,1,0,1,18.902473401857367,1,16.786264510584726,6.632144191461025,3.7359222225500224,5.2224631795466605,0,0,0,0,0,0,117,85,173.33653988399794,168.88601706777337,77.80132352506605,334.57582159396173,22.686805631552463,2.566280915026039,0,0,0.289815129746297,0,0,0,0,0,1,XXXConfid
5263,66,0,1,2,27.10158482367648,0,17.98917129536225,7.323118190880362,8.501715473209385,4.298476037561329,1,0,1,0,0,0,175,72,155.49337405317218,193.59565563006976,55.76747839718452,280.82955288924813,5.854213617928944,6.563982362022468,0,0,7.341183065335257,0,0,0,0,1,0,XXXConfid
5611,71,0,2,2,16.080043541877334,1,19.8971128826336,9.974595189910014,6.019738361785545,8.182690030876941,0,0,0,0,0,0,134,72,172.61802447417344,86.8567757332221,36.66351749635591,343.47922995235587,7.0685289957040816,9.130647192690102,0,0,0.5669934746287897,0,0,0,0,0,0,XXXConfid
5586,76,1,1,3,33.498509838536165,0,5.963037182127606,3.5075780437650006,5.456298837392939,8.89888865225625,0,0,0,1,0,1,152,111,157.16473236598006,122.05960556543418,28.90985175954557,144.43519045644427,20.25212901445924,0.8098630626442405,0,0,2.60003944458063,0,1,0,0,0,1,XXXConfid
5596,87,1,0,0,19.748823926860684,0,13.088539131465916,7.0851732086808745,4.899250777178162,9.914330828013624,0,0,0,0,0,0,105,70,233.74218473469872,146.9387613023274,26.704387446421507,95.20919725040686,10.848865316140898,5.118861244985668,0,0,1.178540523301017,0,1,0,0,0,0,XXXConfid
5637,77,1,1,1,36.331549186684256,0,17.18939399691254,3.734377966136875,6.266352334468027,4.4062952779491,0,0,0,0,0,0,141,84,286.96647179032766,105.51652313473664,24.6319330202274,106.0402488849005,18.411694948038107,0.6670663260100385,0,0,5.333698450769751,1,1,0,0,1,0,XXXConfid
5539,75,1,0,2,33.382006627232826,1,2.804984335023508,0.2686170170910684,2.1006547579555788,9.327668994529573,1,0,0,0,0,0,124,60,168.9645785711532,99.42977239678233,32.87428353335351,188.97932473813836,8.772792738607684,0.1153728396093511,0,0,9.776072861885051,0,0,0,0,0,0,XXXConfid
5617,66,0,0,2,24.274355498872325,1,14.016363699318328,6.320907159056846,5.228418403198464,8.451671749395215,0,0,0,1,1,0,106,116,209.26470515459735,88.62116525721109,47.89760448090283,370.8936387936624,28.70907801057833,8.797740810172927,0,0,1.5137437315607805,0,0,0,0,0,0,XXXConfid
4879,82,1,1,2,36.563428334557656,0,16.50768400600212,4.776335485676962,3.7470081036281897,5.980217209872899,0,0,0,0,0,0,156,100,191.5080096922423,178.84219549915235,77.46754430888521,168.19733572842802,1.408127831978574,1.2237833114819463,0,0,0.8980223000328591,0,0,0,1,0,1,XXXConfid
5425,77,0,1,1,39.24613104109075,1,13.445103302642616,4.158246957421241,0.3619506175746823,7.647346804449397,0,1,0,0,0,0,107,114,208.86629189834176,128.23038979532384,95.9643327966308,128.1113060313508,11.924516966002182,0.1092761567490485,0,0,8.1390708715569,1,0,0,0,0,0,XXXConfid
5432,62,0,0,2,26.429281321665204,0,1.665777100464716,8.595879345545242,1.236304846504357,5.242995036042849,0,0,1,1,0,0,163,94,182.47143836999217,124.65550856957748,97.1473180231054,289.96583488891616,24.380805365047085,6.156631686085002,0,0,3.796215186182007,0,0,0,0,0,0,XXXConfid
5087,79,0,0,1,20.54621139137514,0,19.112540787189754,1.5685836063496894,7.250120838737874,9.115609547264148,0,0,0,0,0,0,140,85,180.35058930451208,99.0986676597342,23.269045538343526,360.5228049215904,8.487544259238689,4.597432896105595,0,0,8.207505362903394,1,0,0,0,0,0,XXXConfid
5286,65,1,0,2,24.946490750330632,1,17.212654471044676,7.283985599519234,6.509550510181028,6.43027193943853,1,0,1,0,0,0,114,107,208.34808412266148,175.60996780180616,41.4265025450018,194.4451487264044,28.65558850064789,2.6337553304636616,0,0,1.3077525633938158,0,0,1,0,1,0,XXXConfid
4947,78,1,0,0,17.119822007791228,1,15.538480134163295,3.7163468493928975,2.804160625065789,4.808708488074845,0,0,0,0,0,0,164,64,294.486667295795,187.67021440352872,56.77181145193006,340.249994179419,5.05755734942592,0.8792437607754189,0,0,1.933457127954049,0,0,0,0,0,1,XXXConfid
5061,72,1,2,2,16.008146177804385,0,16.781788462582043,5.191241732462542,2.276727094281456,9.66637630524824,1,0,1,0,1,0,114,106,196.140635499211,191.1131491065574,52.72989392434045,89.78769906355194,19.511415164826257,9.06166937385143,0,0,8.40809835411864,0,0,0,0,1,0,XXXConfid
4876,88,1,0,0,31.98930423714245,0,10.299023309938333,1.2994388924516342,0.1976552992109814,8.193919243956906,0,0,0,0,0,0,141,75,158.85166065427694,72.35327226847562,79.96920950997878,93.30592663223185,27.646536707741657,8.920055551998942,0,1,5.171574287470877,1,0,0,0,0,0,XXXConfid
4978,86,1,1,0,33.65376178907762,1,14.309028799813188,2.041521315867769,3.4123901996877173,4.784847781533431,0,0,0,0,0,0,176,65,269.58681196080494,90.1197942907639,43.80531366150494,60.56316332999598,9.829817607162992,7.105477196069602,0,0,7.071764885773671,0,0,1,0,0,0,XXXConfid
5207,76,0,0,1,36.90809868454829,0,16.864471937596615,8.505389779245537,2.439710034512219,8.428569218699693,1,0,0,0,0,0,132,96,275.821252443295,159.76391209425975,28.37532105236764,99.8722373779586,24.42845016981388,0.4582640587435516,0,1,7.395805430900796,0,0,0,0,0,0,XXXConfid
5693,85,1,2,1,25.390426236448675,1,18.83996700422392,4.201621013795379,0.3527327879810404,9.55451714874942,0,0,0,0,0,1,125,97,188.59251556330665,141.16957484478633,42.46753850556445,319.9641512008963,27.8667680903428,7.314059626004647,0,1,3.402694518587568,1,1,0,0,0,0,XXXConfid
5111,73,1,0,2,36.69973759870493,1,12.904436039961055,4.167867616685831,6.781338122308971,7.568078458245445,1,1,0,0,0,0,96,62,261.8356459392363,100.07925539168804,98.01281736667458,213.65172639598785,5.015061815251805,4.291178803361699,1,1,6.084479506779363,0,1,0,0,0,1,XXXConfid
5510,77,1,0,3,36.39195084953792,1,0.4986157863240481,7.621074543133006,8.649805626087037,8.63943353458884,0,0,1,0,0,0,137,119,260.8317260510932,197.4786157102616,52.119677682847644,276.3265576936123,12.943559230456785,7.82684996548255,0,0,3.1611080127298785,1,0,0,0,0,0,XXXConfid
5275,62,0,3,2,34.15032012228898,0,19.79158541250948,1.29305304024257,0.3503916182118671,6.708381513284248,0,0,0,0,0,0,150,92,251.5837582232753,184.30055476712596,95.37084986248996,170.1506739136025,25.003440995121505,3.2106147595387693,0,0,4.587296512987825,0,1,0,0,0,0,XXXConfid
5479,68,0,1,0,26.51668349170353,1,7.177055628617788,3.978878649403234,9.273995974136025,4.219314055110669,0,0,0,0,0,0,125,67,249.77268956364503,80.18174870276462,64.643244969503,285.62703465172024,5.51580618624574,9.2946652994485,0,0,1.6933995796960344,0,0,0,0,1,0,XXXConfid
4894,72,0,0,1,21.81122342305864,0,3.7046534454492552,3.365452018155671,4.513798916201567,7.294820346081822,0,1,0,0,0,0,137,75,231.54541225488043,63.41103565670389,30.459713821000385,281.0948932988049,8.657999725936584,6.87802469048415,1,0,0.6661815875119215,0,0,0,0,1,1,XXXConfid
4957,83,0,0,1,23.59353938398644,1,17.189149120554966,8.399828228375647,3.746043424708736,8.807931749114353,0,1,0,0,0,0,138,104,235.6287720267144,144.90933127740738,22.505710293881044,227.9051488414481,6.072704952388031,5.178873271777942,0,0,6.683712971209454,0,0,1,0,1,0,XXXConfid
4872,84,1,0,1,18.50231568083795,1,11.748440774046774,2.6774430389408943,9.307697901972542,8.9404029913721,0,0,0,0,0,0,96,88,264.5473194263046,56.90287563925772,44.6372002769487,169.1285072067669,5.26097229146119,3.7562994196685615,0,0,3.1501145106673323,0,0,1,1,0,1,XXXConfid
5220,83,0,0,1,29.17072861196108,0,19.36268650835035,8.192618900170025,6.523067621953248,8.42314030627039,1,0,0,0,0,0,165,93,242.72664871774217,95.6118672324387,73.21733598980569,388.4423787984621,20.63917556582376,5.024857748791075,0,0,1.160801082036611,0,0,0,1,1,0,XXXConfid
4923,88,1,1,2,31.32261844672636,0,9.002002991985785,8.312775800984175,7.252256946338063,6.491370942467935,0,0,0,0,0,0,132,80,190.21863871364468,59.56125504117136,45.20109065635215,85.1686985667269,17.068026399626454,1.923950561535141,0,0,3.773315549233991,0,1,0,0,0,1,XXXConfid
5696,88,1,1,0,17.615689420796112,0,14.259640008274127,3.4664691002931414,9.95183644249738,8.101374198280025,0,0,1,1,0,0,138,90,184.5440477585128,75.72592662481307,57.86405571850665,259.06716589015934,6.109392137414976,7.363316704790685,0,0,8.49804264052301,0,0,0,0,0,0,XXXConfid
4751,73,0,0,2,22.927749230993864,0,13.29721772827684,6.327112473553353,1.3472143059081076,9.025678665766115,0,0,1,1,0,0,142,72,242.3668396963656,56.15089696091113,33.68256349839592,162.18914307736603,21.46353236431666,6.518876973217633,0,0,1.7258834599441897,0,0,0,1,0,0,XXXConfid
5228,77,1,0,2,30.289430772382183,0,14.69754220599537,8.076476567633277,1.002560103309078,8.952667794913726,0,0,0,0,0,0,166,78,210.834036793382,177.3227792253361,24.83679187054896,360.02164385626253,28.27621580865152,6.310178068841706,0,0,6.869591116288582,0,1,1,0,0,0,XXXConfid
4878,60,1,2,0,33.01111854647752,0,18.924952941751872,4.550097985786058,2.9136642896337306,6.885776580544102,0,0,0,0,0,0,175,78,254.7899025620404,136.60340448863923,27.9129164661245,98.0489139468446,18.50423261117672,6.425783764113225,1,0,1.95328042423503,0,0,0,0,0,1,XXXConfid
5560,75,1,0,0,17.99319006973819,0,18.62562205141389,3.604225431480464,6.316237945652676,6.451650572840721,0,1,0,0,0,0,149,68,224.08943645820483,142.06038230566162,33.12621517716528,396.4084724331554,25.05098367909374,1.7855278434137656,0,1,3.334780766294736,1,0,0,0,0,0,XXXConfid
5371,63,0,1,0,17.4311063259313,1,4.611677904719844,3.2334391814603625,5.359430914095924,7.130945513434793,1,0,1,0,0,0,142,82,194.83373261185167,167.5222148127738,47.89512031544973,330.51774549468973,3.2569064493912947,0.495725340189751,0,0,0.0092736469104925,0,0,0,0,1,1,XXXConfid
5541,78,1,3,1,36.236456050792015,0,9.38734478762293,4.883964519785144,9.92293417360628,4.112643462272303,0,0,0,0,0,0,107,82,259.46603466086947,81.70837578616151,84.86893494523027,276.3139283970695,6.734619154436345,8.541456781800571,0,0,4.606666775381046,0,1,0,0,0,0,XXXConfid
5468,85,1,0,0,28.93242402565993,0,12.879462672109495,3.336305393378687,7.460892710412526,4.087075575785558,0,0,0,0,0,0,174,113,259.69480673534224,119.33796871544595,78.97225973820186,262.07348424379427,24.30473946936515,8.645073295483112,1,0,6.389377732066656,1,1,0,0,0,0,XXXConfid
5361,73,1,2,0,26.256832339823312,0,7.421229276440398,1.3175982632304672,9.011162156105804,8.696689146986113,0,0,0,0,0,0,102,117,246.4010117531009,98.51603495796522,90.63003364253905,315.7560283482139,21.928356352358566,7.38493466537011,0,0,4.134161175691532,0,0,1,0,0,0,XXXConfid
5011,72,0,0,2,33.62596941919904,1,4.834101538437025,9.40780274778714,7.817102779470465,8.153920715864553,0,0,0,1,0,0,121,114,261.9431253974518,73.96229738090814,86.42960563237763,291.73309807676503,22.11648641131508,7.125122183749837,0,0,9.773090105823746,0,0,0,0,1,0,XXXConfid
4943,89,0,0,2,30.20358420574792,0,5.435166380078245,3.961081177895449,1.3239811244539756,8.66061440694953,0,0,1,0,0,0,97,119,232.00503228979136,127.2956062730912,95.8692909404701,351.7412900009346,16.65524535686482,7.8706057833029615,1,0,8.740066666107376,1,0,0,0,0,0,XXXConfid
5344,76,1,0,2,38.76859018572604,1,9.013918967871303,8.296793726847598,7.892595430087677,5.928934011645101,0,0,1,0,0,1,118,81,155.8508116009573,115.25938603058988,32.70844528988714,152.09283185751116,25.410147659132257,8.626983972791074,0,0,9.41398446366594,0,0,0,0,1,0,XXXConfid
5390,86,0,0,0,39.19741868136575,0,9.218341302383685,1.4776150852233882,6.044332581048616,9.480324305980863,0,0,0,1,0,0,109,100,227.01235964408812,100.4176203587026,70.38410665672757,287.2942541283444,18.77287073009193,1.658482493998772,0,0,5.205778708029927,0,0,1,0,1,0,XXXConfid
5572,69,0,2,1,21.44811977496177,0,7.253156608320552,2.9825314905489755,8.94705523958584,8.508751155296244,0,0,1,0,0,0,106,104,257.8304023325624,164.69917836436343,21.104898236011067,306.79714795349406,21.56491159788373,9.113111160665683,0,0,2.6131940730943626,0,0,0,1,0,0,XXXConfid
5482,64,1,0,1,39.56507525682295,1,7.43296300095359,2.31203038049304,7.245799620697197,8.100237917724971,1,0,0,0,0,0,93,104,246.9365184092873,158.5367088982012,55.54671445136769,275.683534946445,2.500384243199939,1.7628445964581785,1,0,4.877846323865499,0,0,0,0,1,1,XXXConfid
4892,74,0,0,0,38.23211098955082,0,9.32850390763628,4.347627047022486,7.5825546231652385,9.983428632132624,0,0,1,1,1,0,135,102,160.13870547203433,61.96759186826718,77.57169538371113,311.65201099497256,27.30321756884299,8.552445406852774,0,0,8.819599480967778,0,0,0,0,0,0,XXXConfid
5600,72,1,2,3,20.614871586018005,0,1.015350148896319,8.106001828003322,8.66503996138832,7.338442480718381,0,1,0,0,0,0,96,63,203.9278433080147,143.4890253190145,65.54971414488284,327.90457972317125,12.4733196181862,0.2899882532941744,1,0,9.075715740043597,1,1,0,0,0,1,XXXConfid
5024,60,0,2,1,39.32202885491082,0,11.393981890673391,3.9860721472427327,6.442458368881976,4.704038513451755,0,1,0,1,1,0,138,89,288.91223895972496,192.63163196689115,25.15033352335891,191.14865072880087,15.847854711246908,7.200175890621832,0,0,3.229612746230744,0,0,0,0,0,0,XXXConfid
5156,65,0,1,2,35.09902991895321,0,19.55150454582152,9.635700587002924,8.113178434634694,8.758863813819813,1,0,0,0,0,0,138,65,224.28868701937137,119.02889997344543,56.33147341363183,374.7136969369083,16.93319707107979,9.871399950942434,0,0,3.893348958104719,0,0,1,0,0,0,XXXConfid
5451,68,1,0,3,30.451764761086217,0,4.407420605051375,7.775758626502967,9.971204135390328,6.72924362604626,0,0,1,1,0,0,97,89,245.76871547262664,99.51568221204604,53.40350766859266,148.23549654051425,5.571905032844646,0.4541797634526889,1,0,9.357797355920717,0,0,0,0,0,1,XXXConfid
4856,78,1,3,1,23.15713741823646,0,10.094162314107791,4.099069626303075,3.895201606378682,5.970889347472665,0,0,0,0,0,0,149,76,225.55939340377057,196.70776194030103,66.34977059816578,294.1620659862785,29.43358544840514,4.120742721267661,0,0,5.248982718413318,0,0,0,0,0,0,XXXConfid
5182,66,0,1,1,36.673238339993205,0,13.382907069627365,9.43855484677696,0.9115922395630728,9.809412502740296,0,0,0,0,1,1,108,80,202.5436827696792,110.73634484432073,29.294767707361984,279.5664752476745,12.799210930878896,7.242904151149627,0,0,7.751305978870443,0,1,0,0,1,0,XXXConfid
4955,67,1,0,1,38.50706903065149,0,13.110136368036072,0.1836765935751327,7.857243670654594,9.39388144572754,1,0,0,0,0,0,146,62,227.91034414430385,160.78439511927985,38.83863413325477,272.9106847797087,9.119745064670312,4.518474773418568,0,0,9.521925790488226,0,0,0,0,0,0,XXXConfid
5204,60,0,0,2,29.40261350924478,0,2.206330924429547,1.191201084232193,6.018892045350992,9.84236964104467,1,1,0,0,0,0,127,84,158.79294231497042,188.8494017536084,35.376998307369725,74.11283955056781,29.79306974391187,5.039519081007475,0,0,0.3572483099873647,1,1,0,0,1,0,XXXConfid
5394,84,0,1,0,23.440566091014656,1,8.007673011334402,3.320433833232496,9.791653589584756,6.273444129615266,0,0,1,0,0,0,93,112,213.6965813156368,94.37922287643988,42.5419991543453,262.8885702806346,3.9042521067065774,7.602818045296314,0,0,1.70661843333766,0,0,0,0,0,0,XXXConfid
5245,64,1,1,1,23.946179870252,0,12.510150617954949,8.47956920881203,9.677324796667133,8.45526409593079,0,1,0,0,0,0,118,83,205.3803737257205,156.4229167873068,46.275768762654494,304.1027698085886,2.3570135727063155,1.6070247371991777,0,0,6.639351760547085,0,0,0,0,0,0,XXXConfid
4972,70,0,0,1,15.12421728254776,1,5.979750333104372,5.837506161057919,5.645843904467323,9.524949596377777,0,0,0,0,0,0,107,61,219.56831564096493,113.09977797995116,24.2612224640078,133.8538422317205,23.965939813537727,6.911690351334015,0,0,7.998984212831832,1,0,0,0,0,0,XXXConfid
5393,66,0,3,1,28.24073790875133,1,12.84963168681042,8.919796285967665,6.800234092264362,7.580615507677516,0,0,0,0,1,0,152,83,234.0423014652713,147.58371579062313,91.0888657416942,310.6273811555845,18.130538376638476,3.8343713409010993,0,0,6.089746464081407,0,0,0,0,0,0,XXXConfid
5615,60,1,0,1,19.897329438904755,0,15.028362182795492,4.6406941733102585,2.586766953901365,8.57064260443341,0,0,0,0,1,0,96,64,266.3371830638104,122.29376030779298,99.20034546047889,119.86166714068302,27.007129852922997,4.754797504453439,0,1,5.191770990427306,0,0,1,0,1,0,XXXConfid
4959,72,1,0,3,23.789912096611463,0,3.2609654804256283,5.1722264791111625,8.74045419007889,9.37920869068572,0,0,0,0,0,0,154,118,259.5578086718944,94.48042985113676,56.653049239580255,279.38618964176817,29.10546155150008,6.892248011581157,0,0,7.440937975491496,1,0,1,1,0,0,XXXConfid
5428,78,1,1,0,36.21304912688035,0,2.2980818750012637,7.316525410925767,3.3234496687005075,9.399999224260055,1,0,0,0,0,0,160,71,283.18495435697,131.3092585911649,23.41750293140477,329.5053632108577,3.3921126280051483,3.066010261881671,0,0,7.289430907687492,1,0,1,0,0,0,XXXConfid
4999,66,1,1,0,35.235847173836184,0,17.586477723893836,8.640588166891517,8.72404017012753,5.216096856626923,0,0,0,0,0,0,152,118,248.9802840194801,177.5127909786985,97.88390558720025,211.9276774641658,12.62865950662489,5.339032203649423,0,0,6.036902458460919,0,0,0,1,0,0,XXXConfid
4792,78,1,1,2,33.68453287657587,0,8.92323812756332,3.690074973361086,2.8702229329436246,7.255962626159428,0,0,0,1,0,0,143,62,247.312960946448,134.77608293825458,32.94596219517084,181.1453178497133,10.041839587118828,3.215689764875116,0,0,9.551734157316783,0,0,0,0,0,0,XXXConfid
5101,77,1,0,1,36.25074563654884,0,15.181157290553992,9.405984285503584,4.381819220681521,5.2214671400509065,0,0,0,0,0,0,150,61,157.19792584260318,163.90232560455195,72.44145702248508,100.86075301508382,18.240308451274988,4.556573549419129,0,1,6.517922698816426,0,0,1,1,0,1,XXXConfid
5037,82,1,3,2,23.04135933607349,1,15.513246450981804,1.3858956518944432,8.444561962939826,8.15851067910664,0,0,0,0,1,0,149,103,153.624239820458,56.28520059047376,21.526509343129668,218.61248752229707,1.7757952029678614,7.674090455067956,0,0,5.852163095905578,0,0,0,1,0,0,XXXConfid
5334,87,0,0,2,36.21349330681996,0,4.688253108590084,5.360319155199885,4.959076194433592,9.390826130946092,1,0,0,0,0,0,157,87,271.21752988614656,159.6155899306081,80.10068392143395,237.94615881215137,6.967891365270683,3.329867270288688,0,0,9.788963479177164,0,0,0,0,0,0,XXXConfid
5330,88,0,2,1,28.033997324646805,0,13.04771722323471,5.940148185589079,4.633675129376705,4.913971801831256,0,0,0,0,0,1,134,105,178.00908015867856,108.47844233966502,60.95282743767832,191.95352962595143,7.619759120116537,3.0715540316553414,0,0,3.584722687235684,0,0,1,0,0,1,XXXConfid
5007,70,1,0,3,29.2938586934959,0,7.590790839018893,3.363867346543508,6.588507396949158,5.432648431577754,0,1,1,0,0,0,168,94,265.99060297613426,170.4698910405324,44.52598386072852,76.16445572852015,26.45593103450268,4.452602596761128,0,0,5.724693150918566,1,0,0,0,0,0,XXXConfid
4874,75,0,3,1,21.57430139351749,0,6.684209270022374,2.6877289829436317,6.335718318377928,8.384601758309202,1,0,0,0,0,0,124,61,289.1170059048593,177.91054518440922,25.08097054136754,387.2591868778608,13.91464044383601,2.890268849334957,1,0,7.95965331252532,0,0,0,0,1,1,XXXConfid
4967,69,0,0,1,23.063803718455123,1,19.751504319528472,0.9662819712607862,6.910946603766597,4.140628064335338,0,0,0,0,1,0,117,108,172.3309480952565,82.35367084690408,71.07457502022856,187.3159585914057,8.779432606675234,6.734927602506534,0,0,8.807474081305626,0,0,1,0,0,0,XXXConfid
5012,73,0,0,1,17.532129497280664,1,4.530044710975243,1.1313955739521364,2.1045847560341446,8.77590261921392,0,1,0,0,1,0,103,119,221.4950877722195,157.04051622898015,35.030462734199475,123.11816938074148,8.99769381542755,6.340135069266161,0,0,0.8014153092469578,0,1,0,0,0,0,XXXConfid
4757,68,0,3,2,38.387621858169126,1,0.6460472705489217,9.257694909794449,5.897387927490878,5.477685593697583,0,0,0,0,1,0,143,88,263.7341489945217,52.47066963316466,66.53336947612827,216.489174928813,1.9644126908445048,6.062124473797494,0,0,9.23632827520978,0,0,0,0,1,0,XXXConfid
5001,70,0,0,0,37.43808917887458,1,16.119066843494092,7.888661862783877,7.361613417476064,5.206452758703216,0,0,0,0,0,0,99,74,188.071192874135,193.94572045240176,77.9103087718954,399.791762167026,17.683374078388496,0.0204280899592756,0,0,1.70498887757634,0,0,0,0,0,1,XXXConfid
5470,84,1,0,1,35.655671289523994,0,16.00688659066555,8.33764229161135,3.530223438758009,7.429367787325864,0,0,0,0,0,0,171,108,155.89909076092917,134.65288126519675,94.3965867337903,347.67489642730914,13.3612372375376,4.536046708085447,0,0,9.098128280781983,0,0,0,0,1,0,XXXConfid
4865,90,1,0,3,38.77519574151268,1,3.724094213052087,5.154916286640572,8.33609180750232,4.738131517107642,1,0,0,1,0,0,111,66,173.0436810328988,189.78133142800905,25.47532188698205,218.92510591839323,29.09127959584554,4.846582008528508,0,0,2.165398503931649,1,0,0,0,1,0,XXXConfid
5494,63,0,1,1,30.2529232232931,0,18.405689187160625,1.8557223854852145,1.9871099925551936,5.658122434378014,1,0,0,1,0,0,132,69,192.5277380289029,184.52126673811523,50.33836501013226,363.6255008265865,2.244092671779213,0.5489168180177117,0,1,8.678439289473557,0,0,1,0,1,1,XXXConfid
5206,86,1,1,3,19.096180979732196,0,18.721031867964157,8.809302899638666,0.3756147844026847,6.470218369316715,1,1,0,0,0,0,129,62,191.7647340805684,183.22436405148324,64.38495711399139,278.4991506779626,11.067212547097323,5.539669468712328,1,1,9.027218489389426,0,0,0,0,0,1,XXXConfid
5105,85,0,0,0,15.256284073938486,0,7.891110991003098,3.5458948019008307,8.269639383868054,4.194009122083109,0,0,0,1,0,0,143,99,272.195031983479,181.2885108089212,48.695858112823984,363.4587866385852,27.87018892958693,6.978905718196295,0,0,0.3282763824000112,0,0,1,1,0,0,XXXConfid
4973,87,1,0,0,15.239565096499485,0,2.949102725307482,2.8596603199624457,8.105544717287517,7.9735655881138365,0,0,0,0,0,0,134,75,296.20207762077115,88.75608060386838,53.69045557403339,252.2424177283188,15.694276535778842,7.545370379925838,0,0,1.7699105263791293,1,0,0,0,0,0,XXXConfid
5161,82,1,1,1,39.4692026683161,1,7.348576451359754,4.078674549110145,3.2471840230365867,9.182900270690345,0,0,0,0,0,0,125,97,201.7518395793117,120.88616947730966,36.351755884758646,278.36637134353043,4.911230666744011,1.3069583858262437,1,0,3.896135663862108,1,0,0,0,1,1,XXXConfid
5096,85,0,2,3,29.79178465486087,0,14.779872395398256,6.362608733498922,2.46270375021946,6.127437732531694,0,0,0,0,0,0,172,78,214.7600706230976,98.34635524231209,41.0752081845369,68.94908316157851,9.976216796995772,6.894814297771131,0,0,5.282417623628035,1,0,0,0,0,0,XXXConfid
5075,83,1,0,1,37.3677513439069,0,7.718387556600135,3.022571927916148,9.99834567881401,7.0789244760455725,0,1,0,1,0,0,124,96,196.5448155005733,86.63416547112371,99.50682817144742,357.6940073402552,24.476504937920584,7.745180089420841,0,0,8.640649392126177,0,0,0,0,0,0,XXXConfid
5565,71,1,0,2,28.762638209223766,0,1.9584989821890495,5.291809530841768,5.827228561105128,9.947026351910171,1,1,0,0,0,0,116,93,189.20560867973825,120.0184333503278,33.66295343613916,397.9543630895226,6.687933583406541,3.957927362573196,1,0,3.7581309202991298,0,1,0,0,0,1,XXXConfid
5502,67,1,0,1,25.04124117004405,0,14.784266137461373,1.82963664614617,8.695430847444216,9.754619180085664,0,0,0,0,0,0,94,61,260.15071449945424,197.44342642864547,89.78161320966359,308.71442187218474,29.679726877428685,3.5696583540068505,0,0,8.515112232366013,0,0,0,0,0,0,XXXConfid
4956,83,1,0,2,26.662335489072568,1,5.934112137267238,3.410777046376947,8.772172861883533,4.470068474942693,0,0,0,0,0,1,110,119,289.0098778957061,151.98178143041315,30.66009750184185,218.38219646077548,24.03314229778539,4.737546300559857,0,0,5.237469077298237,0,0,1,0,0,0,XXXConfid
5730,75,0,2,2,32.881834811467144,0,13.294171120864192,4.935878686450636,2.523134895097452,6.622399888603911,0,0,0,0,1,0,152,91,239.10170608881836,163.88633992909834,68.25215942028963,395.257565146653,23.69120360380844,3.656925275617275,1,0,6.036037657586231,1,0,1,0,1,1,XXXConfid
5102,78,1,0,0,39.4395142388811,0,0.3215855010181312,3.2759012764919104,0.3097877878057009,5.432321287604349,0,0,0,0,1,0,112,69,236.99251598125116,59.33756035374447,63.89782938704944,68.94733817191599,8.28994298545165,0.2702701985310018,0,0,1.0962867086709194,1,0,1,0,0,1,XXXConfid
5028,60,0,0,1,23.02468507594524,0,10.43502659930652,9.049333574808804,8.826863724408241,7.090394984430804,0,0,1,1,0,0,101,103,264.92134745317185,103.81086720340843,52.54910356498301,218.8455887499033,2.702368427001253,0.6385436088239338,0,0,7.330476891796741,0,0,1,0,0,0,XXXConfid
4814,64,0,0,2,26.523592445466893,0,16.92051616305591,0.8254913522043184,9.613602951082608,9.986317716443294,0,0,1,0,0,0,98,115,283.7329503010289,61.721276133800906,80.4497000851915,322.35758211253943,11.422661689360533,1.957883288577689,0,0,9.97266301542073,1,0,0,0,0,0,XXXConfid
4857,89,0,0,0,34.8538147279089,0,7.010803076294874,0.221694561458845,0.1534744423201306,7.965444592825177,1,0,0,0,0,1,163,81,243.92354283413084,55.57897392657859,77.77086350733633,194.03247278318327,8.183706172857171,3.955961917279085,1,0,8.036658859048744,1,0,0,0,0,1,XXXConfid
4918,87,1,1,3,39.13352837730506,0,17.1566242285996,5.142474584610206,3.8947392221856783,8.047322494541007,0,0,1,1,0,0,156,103,180.46976119645672,103.93875186817728,71.87525815810649,149.59064906679967,28.18543197388794,5.922436375861793,1,0,5.410824185523651,0,0,0,0,1,0,XXXConfid
5629,81,0,0,1,30.437387978257256,0,1.3938481160073457,4.662772228228686,2.765994780167346,8.899443274109284,0,0,1,0,0,1,115,77,223.36371557621607,135.45459961324906,30.850018837253216,119.22597494804018,18.132099889107277,8.039990581191802,0,0,4.333493718883235,0,1,0,0,0,0,XXXConfid
4840,79,1,1,2,23.0136591042034,0,3.5825350266909184,8.596946094196774,4.53134844420382,9.623875362924364,0,0,0,0,0,0,104,103,182.4155300089888,117.08409539888903,53.2637589836574,105.78475504144193,8.850832136511318,6.617945830971729,0,0,3.367233798906728,0,1,0,0,0,0,XXXConfid
5365,64,1,3,2,39.354605742215455,1,5.701197013742753,3.1266172801542647,6.168083231262632,6.22068279785636,0,0,0,0,0,0,135,66,214.9263790259236,101.81836659279588,81.33184993155389,108.4770699076028,28.350140418465685,3.0615768123694487,0,0,7.652850760579231,1,0,0,0,0,0,XXXConfid
5418,64,0,0,0,32.36213190805218,0,10.299740321407151,7.982987365318439,7.157272969613921,7.528198334538067,0,0,0,0,0,0,165,87,150.09331559406317,69.06775753604876,35.440517741980635,339.04101184498865,6.773325224444848,2.882135296944356,0,0,7.579159759611875,1,0,0,0,0,0,XXXConfid
5053,88,1,0,1,17.647485588168546,0,1.2131935223378876,1.446166633976137,6.002699089235972,7.460286105440367,0,0,0,1,0,0,138,64,187.20345549924292,161.9192920978129,30.96604735854233,245.4290850893635,10.76421935150406,0.639074243014307,0,1,9.091783097614655,0,1,0,0,0,1,XXXConfid
5744,89,0,0,0,21.404464485191,0,8.846157001262199,9.55066673216696,4.752064286083295,9.205138196200648,0,1,1,0,0,0,91,78,257.19421525132964,128.9791475917376,61.5568717395933,342.6806466055604,19.72135908832015,1.921819651928144,1,0,6.332008419912843,0,0,0,1,0,1,XXXConfid
4784,67,0,0,1,16.254045137595448,0,17.911892835353513,7.905611792872528,7.76738553069734,9.018246217761323,0,0,0,0,0,0,90,64,236.3705357403688,196.19655560681764,33.7716882169865,102.9674457384864,15.000171564867951,3.3811127176868494,0,0,8.863775646960248,0,0,0,0,0,0,XXXConfid
5456,60,0,0,0,32.43584785747663,0,5.900340631582244,8.1914094442836,9.341730246534995,5.408548179589625,0,0,0,0,0,0,158,79,197.6010564279084,165.44460287593537,47.17009523644344,313.24480305576225,19.47358858609672,5.954001374103301,1,0,7.541861746122035,1,0,0,0,1,0,XXXConfid
5550,63,0,2,1,24.107191989378947,0,4.888162703254999,8.597405056205845,6.1796955669227565,9.387843031751304,1,1,0,1,1,0,121,61,235.0894122873336,158.66968552964107,67.53250496585814,261.4459365359804,5.404077482860222,7.688360361774162,0,0,6.432689247033584,0,0,0,0,0,0,XXXConfid
5540,69,1,0,1,34.51986803357191,0,19.07869609331396,1.3934941602343345,7.963928973416725,9.124303838053953,0,0,0,0,0,1,163,68,293.59814267111403,51.8900838087469,66.05758680112197,72.95887264319221,22.957793201161778,0.5039028689381131,0,0,6.67214664989391,1,0,0,0,0,0,XXXConfid
5677,88,0,0,2,17.072275406848863,0,10.454666037958166,1.3295934961694331,1.325693361728223,9.018454937810391,0,1,0,0,0,0,171,81,198.14289704939705,137.8860678949573,23.46994139648217,117.43172612875595,10.682237309124616,2.7446460782559976,0,0,6.730764024808678,0,0,0,1,0,0,XXXConfid
4849,88,0,3,0,22.721826997949105,1,13.711095159361404,2.948416555565907,0.7885581203029002,6.145349958322296,0,0,0,0,0,0,95,87,188.6212521200722,192.82446480088512,38.122416904289686,281.34634374201846,7.837277224097187,1.7114243844052868,1,0,2.4421130843733865,0,0,0,0,0,1,XXXConfid
5569,74,0,0,0,23.711449796870653,0,4.552950705611725,3.2839146289417176,0.5728343371752087,4.846223833813956,0,0,0,0,0,0,163,113,269.59399952024177,193.83028416035629,78.26924510209967,328.5012950191774,0.4804522264058231,3.937273105711795,1,1,7.16833499593456,0,0,0,0,0,1,XXXConfid
5269,89,0,0,1,24.020693401441164,1,16.08408547077873,4.0583102153153225,4.366482490237305,5.17896351673173,0,0,0,0,0,0,130,61,228.9251776803954,108.73438930084713,87.22639232272816,57.18468376063458,3.5000955702863825,3.7295937595258977,0,0,5.315525636868456,1,1,0,0,1,0,XXXConfid
4834,76,1,0,1,39.30991087288686,0,19.677901441761303,7.639779986006326,3.416674088988655,4.213679567453642,1,0,0,0,0,1,96,100,184.86401010043957,116.805172575186,46.35991844633991,157.23038109812984,28.752449459850407,0.2757192223697402,1,0,7.581490071955348,0,0,0,0,0,0,XXXConfid
5511,90,1,2,1,31.51439535102892,0,16.93058166704416,6.554061959564798,6.009991563331757,7.673124511219371,0,0,0,1,0,1,126,105,160.03090927558844,51.52939184158612,47.7921652546891,271.31953668299684,19.308645162736298,8.634951691939376,0,0,1.20313572703715,0,0,0,1,0,0,XXXConfid
5522,62,0,0,2,27.768114629892214,0,12.727994418815353,5.530183209721399,9.896332254920846,8.029710474669173,0,0,0,0,0,0,123,93,244.66209922090133,80.03814391913932,29.669260397818373,151.62146854530994,11.060085367188286,9.292582050162538,0,0,4.512443633070568,0,0,0,1,0,0,XXXConfid
5551,84,0,0,0,18.94546230758216,0,9.84711686460751,3.521625108277856,8.378176570629265,4.526354864828871,0,0,0,0,0,0,136,96,175.7372037638673,102.92140267883062,68.33926443004066,327.4846858190369,2.193452235815764,1.9080956348245728,0,0,4.342907548271335,1,0,1,0,0,1,XXXConfid
5124,61,1,0,3,26.351265507770844,0,4.503479775546135,2.7731340052583944,8.477359551461149,9.135241027051036,0,0,0,0,1,0,100,100,188.99640997485068,151.29983534406176,20.90227253345788,111.04811719958128,14.775171875035408,9.108643537246188,1,0,0.1018609764295563,0,0,0,0,1,1,XXXConfid
5146,68,0,2,1,28.00320547101672,1,3.7451958692590015,1.8858551766272256,6.637407294739282,4.992562799899135,0,0,0,0,0,0,161,85,285.1590852384719,182.76765657283065,64.96168048112017,262.91281271320724,12.626793144108072,7.1514090905788255,0,0,5.4472902833072485,1,0,1,0,0,0,XXXConfid
5216,76,1,0,2,28.999327338385942,0,3.627201797930717,2.704021076315973,2.3133053703911943,6.489011717133938,0,0,0,1,1,0,108,90,157.13326416338026,135.31655799102367,74.13777015582826,157.64790359759846,12.30144316354748,3.603755721942421,0,0,0.3662728721010944,0,0,0,0,0,1,XXXConfid
4891,68,1,0,0,34.85118424091242,0,0.9017595300259696,4.719271867395008,4.218714955088135,4.214771769629818,0,0,0,0,0,0,125,95,277.61024803612486,199.9365651557248,21.164603359858685,98.99052578156584,9.117392758674262,1.9010808664313483,0,0,2.553205842329912,0,0,0,0,1,1,XXXConfid
4815,83,1,0,1,29.85840694404552,0,5.351024434646208,3.690136809785914,6.080361921242039,8.561218519437563,0,0,0,0,0,0,121,117,251.1000885713345,147.79325816617558,26.59393677075085,356.4992286041496,6.085876673210288,2.759434922371713,1,0,9.525700995231858,0,0,0,0,1,1,XXXConfid
5254,80,0,1,2,21.15146887389404,0,19.065334412099617,4.544718180126711,1.3177356566027263,6.552573786064517,0,0,0,1,0,0,109,70,265.6352909220633,173.62381612228938,46.69830685251239,86.13544037642129,13.32570589080774,2.561856276049931,0,0,1.479531041722261,1,0,0,0,0,1,XXXConfid
5524,73,0,3,2,29.01629997104851,0,11.31968425003057,4.180685795874987,5.63566339897343,7.855285671983669,0,1,0,0,0,0,112,93,174.8536357547759,135.4443902300556,24.267021141660933,314.1758203592356,13.249997573592545,6.59048143007103,0,0,5.711959048668439,0,0,0,0,0,0,XXXConfid
5424,77,1,0,1,26.8927321412778,0,7.456866462773409,0.7426568260521882,5.229888685975568,5.241865705657671,1,0,1,1,0,0,157,92,194.0253690302233,108.82844786921254,87.3769407436845,303.1759149849869,11.82195265945175,7.218617481245958,0,0,8.979400769913626,0,0,0,0,0,0,XXXConfid
4778,71,0,0,2,18.4347889493694,0,15.919274092857767,9.986553927183724,2.0325055299205284,6.090393671344253,1,0,0,0,0,0,134,77,189.98167751139005,73.92538973889418,24.055801625231148,95.42414615905524,28.71593180136861,6.050340494429872,1,0,6.173437286836137,0,0,0,0,0,0,XXXConfid
4904,84,1,0,2,15.754083241748804,0,18.452767152448413,5.588130078940077,5.470976235440991,7.614823307113453,1,0,0,0,0,0,174,110,190.5651234444165,80.43534981823309,88.40602236396707,187.8857836624793,22.695703261183542,4.169808046512033,0,0,0.3685673329288086,0,0,0,0,0,1,XXXConfid
5477,73,0,0,0,35.095895167031465,0,5.330796340785309,6.044197054974891,4.96734761373049,4.030861518075093,0,0,0,0,0,0,132,61,278.8121092788331,167.86632562383616,21.482308831885195,302.7945952378308,24.70798642906124,9.260822180966793,1,0,2.146141635958111,0,0,0,1,0,0,XXXConfid
5598,75,0,0,1,15.439005942887777,0,10.991814239287594,9.224255105594793,5.189685223433411,7.828496669883704,0,0,1,0,0,0,105,114,291.41308951292234,158.84393924582378,30.09971797578178,57.56486697251248,10.189371159950625,5.076403485944143,0,1,8.332884347269392,0,0,0,0,0,0,XXXConfid
5405,66,0,3,2,16.24528152958919,1,7.35763396828496,3.14489433355424,0.930483764176352,9.16143638095657,0,0,0,0,0,0,141,87,250.3862194776753,192.949879054982,66.42194743138904,108.96527233225198,26.532129189151604,5.461832142222419,1,0,8.166431494814715,0,0,0,0,0,0,XXXConfid
5303,65,0,1,1,15.828332772981575,0,6.172108303059911,8.009776148591964,2.3710431437116872,9.330619159396011,0,0,0,1,0,0,101,62,254.67654030750936,98.87720264055238,70.87908285985549,219.80273243259597,23.18780924920644,7.769651205631003,0,0,7.907006001482602,0,0,0,0,1,0,XXXConfid
4883,80,0,1,2,22.09860215880349,0,11.810070878595738,8.28772655929743,7.104164991674189,4.56083583911451,1,1,0,1,0,1,164,77,277.4538806064477,115.57522748912793,22.943901717360703,217.708252962748,8.872014183082024,5.582297036222111,0,0,1.430123116790194,0,0,0,0,0,0,XXXConfid
4846,90,1,0,1,32.717031626728925,0,16.573517262715953,3.835697959826417,7.504739741699511,8.395433148519658,1,0,0,0,0,0,100,116,178.10536891485384,138.96124724516903,63.68484268485497,378.21714804850194,26.087863105028067,1.2658273507998186,0,0,4.678015639970987,0,0,1,0,0,0,XXXConfid
5707,60,0,0,3,28.933154735249037,0,9.670526564476932,6.013416678862678,2.999944361235105,7.33092388744233,0,1,0,1,0,0,106,98,157.21173072754362,109.29023276462468,30.06111242191597,326.6338748593263,13.02629087368111,2.7675629524301923,0,0,6.9438967545073735,0,0,0,0,0,0,XXXConfid
5154,72,1,1,0,15.215941719903707,0,12.006213123062787,6.046942618249453,9.43526107969339,4.562849319402472,0,0,0,1,0,0,105,61,268.7237785054823,195.09308719966748,31.617655434486736,305.1384395063013,27.057986732047937,4.688584611933448,0,0,4.64417624191709,0,1,1,0,0,0,XXXConfid
5174,81,0,0,1,33.298591177161974,0,6.286501641020241,6.490298842079424,4.7578066692841645,7.231815093564643,0,1,0,0,0,1,101,119,246.11207767660125,58.3957411585995,84.4374258895518,359.9382676719313,26.30684212057641,2.889888425002117,0,0,4.8044738648662735,0,0,0,0,1,0,XXXConfid
5295,88,0,0,0,17.92525392678905,1,13.70579577189548,1.4251079388757149,6.0632277975595885,7.661277153766031,0,0,0,0,0,0,157,87,237.15013108814503,84.11879028934783,98.54966736510109,225.79142145344835,15.01875144550124,9.5516377810892,0,0,2.3747185353054165,0,0,0,0,1,0,XXXConfid
5289,89,1,0,2,37.59561064300612,0,11.020291878210491,6.053361214518062,1.1240135203467594,7.429705326409272,0,0,0,0,0,0,107,96,296.5728403121625,126.16640725367868,56.56500254061736,233.21458962560288,21.896601851997065,8.719722846277062,0,0,7.813282017905364,0,0,1,0,0,0,XXXConfid
5438,70,0,2,2,33.75019464007863,1,11.266569638440878,3.6845040633124713,4.994759996969496,4.045697745967583,0,0,0,0,0,0,112,92,266.5694447518643,138.65123509033964,41.90301919887243,246.2843483181438,8.293639724751914,5.826809689918955,0,0,8.570910940677084,0,0,1,0,1,0,XXXConfid
5162,83,1,0,1,35.953738522216696,0,12.005345333026858,4.647636687543706,6.727056667737648,6.29096552523901,0,0,0,0,0,0,169,88,158.71424476947328,116.57775328564554,26.39870959680201,234.01607798469647,7.4835872776509715,2.199299221202249,0,0,5.076804090436094,0,0,1,1,1,0,XXXConfid
4765,64,1,0,2,27.942862734988346,0,2.1757796502821014,9.714565829085547,5.317231743513623,9.087141194537402,0,1,1,1,0,0,94,98,247.58461434698003,193.90848144359904,94.811739931486,287.04788285803414,10.786498514103378,6.7916856212055645,0,0,5.505587270988235,1,1,1,0,0,0,XXXConfid
5025,82,0,0,1,39.98851282501771,0,5.756121626231061,1.6808971893664104,4.846949894835292,4.549807709975231,1,0,0,0,0,0,175,89,180.10245203193895,133.59799417030797,28.7803393569622,174.14826695220077,15.193285470623156,6.420616520961156,0,0,0.1481368884537881,0,0,0,0,0,0,XXXConfid
5304,70,1,1,1,18.23459010508548,1,13.196725042886392,1.3609026934628488,9.481268954873292,8.062691989119894,0,0,0,0,0,0,142,94,223.75468123713452,84.41725121858688,27.24817531650844,244.7352769635225,8.570570157955284,9.800120571239905,0,0,5.068058702590882,0,0,0,0,0,0,XXXConfid
5406,87,0,1,2,30.183200746090645,0,1.1232175647096063,6.802220204136309,3.3657149729854985,5.185507210869412,1,0,0,0,0,0,126,82,232.0140164693967,180.2215640947504,28.938065842037204,253.7427562276972,19.219315679645835,4.419411447385243,0,1,1.570579861147996,0,0,0,0,0,1,XXXConfid
5671,76,0,3,0,21.93667442634844,1,8.778611319252736,5.960530877244612,4.362338469429082,6.967624202749258,1,0,0,0,0,0,174,114,256.0059238597767,82.21354904077624,64.96024849380666,277.57602118846035,8.77837332399178,8.990302338740687,0,0,7.675944542034894,0,0,0,0,0,0,XXXConfid
5079,72,0,1,1,31.99180521598679,0,5.726229335457711,9.983993817060217,2.7373656609768005,5.454019314286256,1,1,0,0,0,0,124,85,174.45945701656575,174.19273375550023,36.376466350054926,373.2220283108444,23.28654842548459,1.1492741560693842,0,0,8.675110252680525,0,0,0,0,0,0,XXXConfid
5604,75,0,1,0,33.326818204911355,0,11.29720254905845,8.452643773679302,1.7878178277119494,9.83698937798226,0,0,0,0,0,0,122,115,179.10633045974583,61.24647194765234,31.087327325521493,170.99585041946398,15.385064903239291,9.549794490182276,0,0,7.548480915490981,0,1,0,0,0,0,XXXConfid
5683,63,1,3,0,39.77138194995395,0,2.358392846523001,0.3723815599813029,1.9069360763105905,4.834506159471558,0,0,0,0,0,0,97,78,266.64222939586443,156.35441890149286,71.4247390587151,308.89340469212243,21.675606184660797,3.293175186866711,1,1,5.080034558986847,0,0,0,0,0,1,XXXConfid
5739,68,1,1,2,35.03534134045001,0,5.48418149100288,3.0036837762266657,4.196461115328908,5.869535449333688,0,0,0,0,1,0,116,97,154.88783236628228,110.89064097947497,40.0452348515844,61.53225634521161,7.089850569924019,5.272278124878305,0,0,3.559273860604044,0,0,0,0,0,0,XXXConfid
5557,70,1,2,1,35.1865471744536,0,15.444762421490555,3.28046479331407,7.247692168456989,9.844161826372387,0,0,0,0,0,1,119,91,260.1947410212451,95.59592551532444,90.1605727029928,237.78313936422336,27.232200733974192,4.975815848121559,0,0,9.005702090695506,0,0,1,0,1,0,XXXConfid
5622,65,0,0,0,22.07518619913869,1,5.330385262306874,2.194415949232511,0.6122640484675912,4.24687621653567,0,0,0,0,0,0,175,107,256.8587519415242,157.3344272642043,80.0325083014896,382.71015843586775,24.9216329730894,7.616932308202705,0,0,8.044445812432908,0,0,0,0,1,0,XXXConfid
5702,90,1,0,1,27.27634952322642,0,3.2436411713584423,5.812113375853834,1.8067048735957087,8.167113068353107,0,0,0,1,0,0,124,90,251.3871250112076,197.9718982485797,96.81871180167276,219.09588033264092,13.137935189245429,3.9116211255757536,0,0,5.468883029040461,0,0,0,0,1,0,XXXConfid
5017,78,1,3,0,39.835550330926566,0,4.420062804688689,9.07218989522864,5.409317529490906,9.829564500315731,0,0,0,0,0,0,126,107,209.8771739844843,115.56473399327707,72.01831084555913,146.2007663706728,16.752804534413514,9.579197922564097,1,0,8.8696972433825,1,0,0,1,0,0,XXXConfid
4770,68,0,0,3,20.04140035705313,0,18.426364465753824,4.06071391664163,3.361536132824541,7.393126210784456,0,0,0,0,0,0,144,98,195.20463483092436,181.97792891304283,50.59786664808384,52.7869456132406,11.044984290585631,0.5356392113596287,0,1,6.538580145491703,0,0,0,0,1,1,XXXConfid
4794,66,0,0,1,37.56853045247124,0,2.218579778507974,2.9155731051790914,9.750510860070056,9.741159407092937,0,0,0,0,0,0,93,64,274.4064553312813,54.4599241490053,35.59406656457185,338.58112875367084,14.421212105828443,2.193043795271575,0,0,2.856805755191525,0,0,0,0,0,1,XXXConfid
5626,82,1,0,1,25.29846198373583,1,5.049710006096609,0.0454054872476972,3.118052946927932,7.489547961993016,0,0,0,1,0,0,153,100,200.24604840330036,66.59997844145343,42.77820779457875,283.8278014912178,17.117807679138267,7.856078367255526,1,0,8.537764565515229,0,0,0,0,0,0,XXXConfid
5373,81,0,3,2,37.50037643523376,1,11.43866026349514,1.458883656673634,5.51179448297121,5.370942360936398,0,0,0,0,0,1,158,67,276.15101679572723,164.20553537872377,84.15744911291395,346.675253541541,18.22932948530181,0.9370286746694434,0,0,1.7679289666033304,0,1,0,0,0,1,XXXConfid
5343,84,1,1,1,19.14011731216877,0,13.04786502847298,8.704873617038912,1.4848542238789977,7.2026666456968815,1,0,0,0,0,0,109,107,165.51187337627715,51.89955349235312,43.185918209136965,278.62016438328885,25.33400912560592,2.1984524162293138,0,0,9.906568626725017,0,0,0,0,1,0,XXXConfid
4998,72,0,0,0,32.60913130238437,0,15.58090453612737,4.150035356154573,3.641064504126664,6.613337928574493,0,1,0,1,0,0,114,69,164.7570195452404,153.37213052818407,56.30772260113339,213.68651123107816,21.098860777091737,5.106842421421387,0,0,9.292501013445804,1,0,0,0,0,0,XXXConfid
5119,82,0,0,0,19.69785199905428,0,4.206687018608879,0.4549299906413895,8.266133774005912,9.7546356617805,0,0,0,0,0,0,166,77,198.1111638599588,187.285070789133,33.62283630934166,285.285537217819,19.16638409032759,7.640096905992775,0,0,7.688560877379533,0,0,1,0,1,0,XXXConfid
5703,81,1,2,2,36.7226356781281,0,13.946654531738409,2.608986318625589,0.4884690937846647,4.055860466284014,0,0,0,0,1,0,169,105,185.62844799906475,138.97208627087565,96.02970737236876,67.02064595943818,12.3464935255112,8.135323631624143,0,1,7.039078427239272,0,0,1,0,1,0,XXXConfid
5422,75,1,3,2,24.353082997502185,1,15.979701495799628,6.605845419459536,5.476056729165416,6.477747898098197,1,0,0,0,0,0,117,102,249.94719866091535,107.88473249006216,58.91511501617362,229.40414109186207,1.4304164332628688,3.85338117670362,0,0,0.7187409843010772,0,0,0,0,0,1,XXXConfid
4785,66,1,1,1,17.572895650191803,1,19.966670359022707,5.01330385168889,3.192164279390383,6.16464623042618,0,1,1,0,0,0,117,75,291.76422822114114,73.18497220146364,29.8351269775646,294.505028402855,8.03320390023114,0.7835157448298014,1,0,8.141149037049292,0,0,0,0,1,1,XXXConfid
5314,73,1,0,0,30.59321746974596,0,0.6240122805262227,6.342169283026367,8.04670106274964,9.10162116692321,0,0,1,0,0,0,175,72,198.67076500541657,65.77358382812483,68.61164820109154,97.17247862965368,10.056645950495684,7.497195016128762,0,0,1.3826541013267402,0,0,0,0,0,0,XXXConfid
5378,60,1,1,2,35.99250859003972,1,9.14286844953342,5.163251573987315,8.43998284006165,7.650205865925521,0,0,0,0,0,0,120,79,196.25112400008487,95.92821102864497,74.81156212736136,206.13074128162503,27.685561002943903,4.636947330952969,0,1,6.441465768286867,0,0,1,0,0,0,XXXConfid
4867,60,1,0,0,30.017337150619387,0,6.36917872049626,5.371700899275066,4.475316472463043,8.054286018600276,0,0,1,0,0,0,160,93,275.8457391246298,110.26774024216024,97.33082512886445,311.73800146077093,10.720276714736944,9.97369698897286,0,0,6.499084351981635,0,0,0,0,0,0,XXXConfid
4927,60,0,0,2,32.894204946756744,0,0.6082776318857186,4.191025867562692,5.986073182115908,9.068296380011112,1,0,0,0,0,0,162,60,294.3847528140872,199.80717918251392,67.23850034736532,185.9327890552244,7.258038390730414,7.084496132367723,0,0,8.910499036756981,0,0,0,0,0,0,XXXConfid
5644,63,1,1,2,37.66160001866009,0,6.700137157778587,4.6145911690517805,1.4959806519708996,8.525068185896796,0,0,0,0,0,0,146,109,251.35151534596105,164.37593548337077,72.22635643383329,146.3168266093038,22.339113641464863,8.177710434400353,0,0,9.105469776450798,1,1,0,0,1,0,XXXConfid
5662,83,1,0,1,37.69512551492376,1,12.8688861834485,0.7131356129911426,7.635747120066073,4.111105211646485,0,0,0,0,0,0,147,86,177.84965784003023,62.49327534086719,45.2202541320048,355.08174970720654,1.336578777302634,4.546761638719454,1,1,1.878221318857036,0,1,0,0,0,1,XXXConfid
5337,72,1,0,2,19.11285899970452,1,5.332921609655705,1.790001818480561,3.14617659079596,9.946001621613116,1,0,0,0,0,1,125,112,179.39616237069336,198.5136551589611,76.49795558461506,256.7682216062605,6.0003249420721545,4.735804230675397,0,0,8.615250778821123,1,0,0,0,0,0,XXXConfid
4914,69,0,0,3,25.063256468383464,1,19.79239153015194,1.4556400240537135,3.896881920012236,5.254170845402334,1,0,1,1,0,1,121,78,167.39514579812007,71.08167486640009,58.27546808976201,79.90945446161689,16.05113087076259,6.329548861342525,0,0,3.6360619343605736,0,1,0,0,1,0,XXXConfid
4928,84,1,0,2,34.272559087525686,0,16.060407754791054,5.141069382315596,5.905516557725861,9.630179347348292,0,0,0,0,0,1,150,61,269.52392968567915,128.21800071704,60.55717027304098,149.5280449833395,25.080874294051966,3.5483166386307383,0,1,9.156082915101072,0,0,0,1,0,0,XXXConfid
5386,61,1,0,1,24.57261794228203,0,0.8859105940441236,4.08282298295985,9.536220469434475,8.82920335261757,1,0,0,0,0,1,145,108,175.34144484764974,154.61741323930437,34.44705574777097,91.8177469805966,19.33259589933323,6.276206790088387,0,0,5.330352256436792,0,0,0,1,0,0,XXXConfid
5533,82,1,3,2,24.822461456807225,0,1.6297557494573844,5.804273006054275,1.4746932273153224,7.059890384073475,0,0,0,0,0,0,177,85,192.0477296162435,173.25170624537196,52.51766711869493,381.3994125644792,15.748758451289223,6.565320896494883,0,0,7.255715479148636,1,0,0,0,1,0,XXXConfid
5439,71,1,0,3,28.18403510260215,1,15.706970428230385,6.859987325753818,9.460275734529864,4.96490963188498,0,0,0,0,0,0,122,108,222.9927640254865,157.16281970392998,32.3098028621994,327.3677440698942,19.86680091392063,0.4336829822022603,0,0,7.463632730578611,1,1,0,0,0,0,XXXConfid
5374,88,0,1,1,16.80667015617741,1,1.833707410309009,0.8013636111160638,2.5981093161528057,5.685567834575544,1,0,0,0,0,0,124,98,245.37910388075488,85.56544369285615,82.26407202219289,187.35461264223812,4.955554387645977,9.620305195297208,0,0,5.992177782360524,1,0,0,0,0,0,XXXConfid
4895,63,1,0,2,26.22570985509945,0,16.75322950177155,7.877661114110584,1.3555433919960436,4.056827085441213,0,0,0,0,0,0,116,109,276.180575953153,163.6697902590918,67.595978611207,348.3841175690498,16.193425763337142,5.564241054245692,0,0,9.428105130310795,1,0,0,0,0,0,XXXConfid
5580,65,0,1,1,27.641953448198947,0,8.500087948738045,3.502091503668625,5.194009464648836,5.709645213787412,0,0,0,0,0,0,166,111,294.8641940006376,57.43629217734807,47.12376916354894,353.9501516170264,8.018001040763169,0.4257284897771896,0,0,1.200800138417324,0,0,0,0,1,1,XXXConfid
4890,79,1,3,1,35.22931797932756,1,17.60710221169267,4.0797677473831175,8.14357702877681,8.945353599115993,0,0,0,0,0,0,105,116,227.16817347591945,97.1531128732554,62.41122611825272,360.02878206499776,4.940487035795313,6.671779437735024,0,0,2.4492914035082167,0,0,0,0,1,0,XXXConfid
5265,78,1,3,2,34.269800259483475,0,18.38062553592705,3.172165657549506,2.4172080945557606,9.374144711145396,0,1,1,0,0,0,178,114,298.8213155651596,100.54652653963169,71.70391022957429,62.25355940961599,29.515656325423382,7.614829121908279,0,0,2.0359358936007474,1,0,0,0,0,0,XXXConfid
5726,90,0,0,1,39.99276746402374,0,17.542214788572515,2.885512802347555,6.519603063148637,6.80615707273905,0,0,0,0,0,0,165,117,279.3821423175756,127.03395868689933,76.75423136076621,271.0146751107367,10.57931974868196,2.248835669164709,0,0,2.9550347991655803,1,0,0,0,0,1,XXXConfid
5559,83,0,0,1,17.467626439865313,0,8.131463398802087,7.851117691945952,5.051645375097655,5.200530853349484,0,0,0,1,0,0,178,86,165.85153540895467,98.7366339987403,86.74469706183379,83.00594335933168,0.136895661666655,1.734994485241299,0,1,3.8093855979615343,0,0,0,1,0,1,XXXConfid
5585,84,0,2,0,21.64361676243078,0,0.6016546239177845,4.123159393103,5.076087316642557,7.325677753460445,0,1,0,1,0,0,167,87,185.003620315132,158.28323674768535,32.97657605143064,181.4249677344779,19.84906990614877,4.522161071356753,1,0,7.4444425949687645,1,0,0,0,1,1,XXXConfid
5654,90,0,0,1,22.5942307743506,1,5.562317170268822,9.531802430515246,0.3363878220204286,6.249780007770741,0,0,1,0,0,1,120,100,153.70334642601506,197.12306834705848,36.567191906205416,58.3326382721744,26.980844934676878,4.803596391412558,0,0,0.1236880110285998,0,0,0,0,0,0,XXXConfid
5636,86,1,0,0,29.165875942349903,1,9.263180576367784,6.125415350009832,0.975279258879278,7.476551100688315,0,0,0,0,0,0,107,94,239.44127656096163,67.08833996153085,27.106158518479013,269.6948402677659,27.8920665799461,6.378806293907733,0,0,3.7034073933081393,0,0,0,0,1,0,XXXConfid
5664,82,0,2,1,28.491775368942527,0,1.8766084134299188,1.3678403846947151,0.4135057251248808,8.178018670499998,0,0,0,0,0,0,142,79,153.66368973120765,160.32385303071993,36.69531505792282,117.9799570316031,28.118348245653475,1.2677638274561764,0,0,0.6560607979085264,1,1,0,0,0,0,XXXConfid
4897,69,1,0,1,32.4166003997243,1,19.168231120072605,4.860084547157149,1.1065105014421683,8.842697311411087,1,0,0,0,0,0,158,110,198.1114678120376,132.43479546988738,44.26939628848521,60.591016313505534,7.907786547378257,5.0627495656030295,0,0,1.6570552316266385,0,0,1,0,0,0,XXXConfid
4763,84,1,0,1,26.770945999107717,0,10.978021644757176,3.978078872466027,7.0244173809347,8.253004551076643,1,0,0,1,0,0,145,63,254.43538612927824,148.29142290554302,98.58554707886915,81.52513703747937,2.2003397962979965,0.5151364226639332,0,0,9.003759363143377,1,0,0,0,0,0,XXXConfid
5346,65,1,0,2,32.18171750697033,0,10.854145396873388,2.0475155348052287,0.2034148615171582,8.05276037899539,0,1,0,1,0,0,159,86,224.7826593472516,57.72434427240151,29.130505984096636,159.97151307545104,6.587895222451756,6.690266873610752,0,0,8.672402820660025,0,1,0,0,0,0,XXXConfid
5544,63,0,1,2,32.991687722364844,0,7.025780507626724,2.5906151384891576,2.810471396446788,4.326224712901714,0,0,0,1,0,1,178,68,237.3165945636284,191.8991226265104,44.33274049621169,212.69504194790676,8.59715964003087,3.840620138672018,0,0,5.909590315891736,0,0,0,0,0,0,XXXConfid
4820,72,0,1,2,23.871788178740932,0,6.146672725613018,3.8770916374770303,0.6396683648582724,6.062905324632155,1,0,0,0,0,0,161,90,183.9125494718976,90.14086463623732,84.69553149315941,113.78428325525692,8.278596220252636,2.62684586599009,0,0,9.47640169401146,0,1,0,0,0,0,XXXConfid
4817,86,0,3,1,28.02060416033194,0,6.996832780913476,0.0948376703583653,4.208178634649436,9.383941130243764,0,0,0,0,1,0,94,113,200.52181604562915,135.97289084653278,78.93904963434606,333.8576828157077,17.734284342634876,3.102666876159328,0,0,7.9712954359534836,0,0,0,0,1,0,XXXConfid
5250,64,1,1,2,31.6504395145904,0,13.371360726762918,2.702006193840276,6.9457770919166375,6.769883019491165,1,0,0,0,0,1,110,117,161.38745408782466,96.35868864338356,91.03414303378035,208.52836898435623,9.666452729317704,0.8378747699680378,0,0,7.845410787324644,1,0,0,0,1,0,XXXConfid
5004,82,1,0,1,28.3574784066991,0,0.6178985964897787,7.489041573118191,7.682480943153954,9.610604443093695,0,1,0,0,1,0,105,85,201.5317199307512,154.26757560966712,20.263950787860008,183.82273570956932,7.523419337621345,9.35687880307334,0,0,6.558613435762053,0,0,0,0,0,0,XXXConfid
5499,60,1,0,1,16.19244691875935,0,8.054930830355051,9.803097235593944,3.198016473073324,6.215006525646972,0,0,0,0,0,0,116,80,226.18817425056483,52.25374919899846,76.24292229383327,264.6923617237261,18.89651053258404,6.224164101983619,0,0,9.605447016430432,1,0,1,1,1,0,XXXConfid
5381,70,0,0,3,37.098744102320296,0,1.3602020567941908,9.24298960979783,1.8192842449661728,5.218052157679643,1,0,0,0,0,0,144,93,172.95180328465295,181.531732287969,59.84621856289375,284.2127823506131,8.292136418133746,5.616830426813884,0,1,3.884562244558236,0,0,0,0,1,1,XXXConfid
5641,88,0,2,1,39.89086465467688,1,2.3095831760466856,2.24863540591938,9.422153514266263,7.891724319032644,0,0,0,1,0,0,153,65,259.0628099461999,185.3579073400975,61.56033139694258,361.8822426815062,28.78487144406215,4.903378813155054,0,0,4.475252925795623,0,0,1,1,0,0,XXXConfid
5052,79,0,3,2,18.98314103384955,1,15.68448766020964,1.2384485394036704,8.578390162965162,8.658322442982168,0,0,0,0,0,0,111,96,249.6162619972024,97.18198766084193,77.31055971276675,282.1647083017093,16.573230994048856,1.4131991801692043,0,0,3.641165673488503,0,0,0,0,1,1,XXXConfid
4907,87,1,1,3,37.315081793410286,0,16.85794093818388,2.7239381038046275,3.9805169211186806,8.579315066705979,0,0,1,0,0,0,102,93,264.53601846985634,191.76879218679707,55.62380039969085,352.71468908144107,4.509610212645736,9.181931671268206,0,0,7.15534746547535,0,0,1,0,0,0,XXXConfid
5396,68,1,0,1,32.39368724149297,0,17.291716106708822,5.082909891118797,5.308163930218304,4.6950770752124775,0,0,0,0,0,0,171,83,232.6361084346633,166.9876975460333,22.574498801109183,292.73715275164136,28.42420720375835,9.429527749323867,0,1,0.8050796919452174,0,0,0,0,1,0,XXXConfid
5021,81,0,0,2,18.355071795960217,0,13.41812801278946,0.4680209945785873,6.860767675924661,8.97514152463604,0,0,0,1,0,0,105,119,171.05214060890503,82.85569856965432,82.82181595304968,393.1257410826795,21.12321042174517,5.260783886774561,0,0,9.7795665698577,0,1,0,0,0,0,XXXConfid
5420,83,0,0,2,20.32109630265384,0,3.5875322536485266,3.519003000184473,7.684550458338196,6.581453518150926,0,1,1,0,0,0,178,98,232.2543680078842,173.43447167239577,57.50290596777891,92.24180287700096,23.224019373618447,8.94087168399573,0,0,5.668189631274668,0,0,0,0,0,0,XXXConfid
5384,67,1,0,1,28.063369776284677,0,3.48231623406456,3.632502196030387,3.734192978697608,7.602244500458816,0,0,0,0,0,0,99,69,221.3737588139808,162.9827840077029,21.735206623026315,315.5826424446075,19.59112938613397,8.785579887732398,0,0,7.646348484018669,0,0,0,0,0,0,XXXConfid
5368,67,0,0,2,20.067413054340065,0,15.112762589678294,8.312749104716845,9.088695023892155,5.698420483344132,0,0,0,0,0,0,174,112,197.5766296063319,82.8532203453322,35.61608577308269,222.9926273069832,20.12292299364093,4.644342870050695,0,0,3.191166174850792,0,0,1,0,0,1,XXXConfid
5410,65,0,2,0,39.26633573259336,0,5.575182048425131,3.071577436839351,1.8832138818914932,6.461612424917831,0,1,0,0,0,0,159,112,150.80616942563603,174.09455037871837,86.51242051285332,108.93655290374376,8.352830146850524,3.795516412448042,0,0,0.2277458204640026,0,0,0,0,1,1,XXXConfid
4806,77,0,0,0,28.53741032053623,1,16.469852356364957,8.117289817498778,3.703020988222079,4.137892977802525,0,0,0,1,0,0,114,70,159.826376753723,103.35075138954063,74.89827007415597,121.64361942130172,10.71551237426292,2.7530932632843177,1,0,3.800949790530086,0,0,0,0,0,1,XXXConfid
5020,65,0,0,1,29.366832089244586,0,9.426422175449156,5.2758219415317456,9.755343107840792,6.856579935748258,1,0,0,0,0,0,154,88,201.3636838058321,67.43603129337487,25.90689329668993,321.02496504927063,19.175695955844017,9.063815575129802,0,0,1.1914245593440742,0,0,1,0,0,0,XXXConfid
5345,85,0,3,1,23.69813666215903,0,9.408679221652536,0.0681554717543375,0.4787719895470654,7.43616794207646,0,0,0,0,0,0,105,95,224.5830784076713,136.9739591383604,22.80446114289244,62.15358983684708,28.182083662590586,5.329400226094965,0,0,1.0475107134447514,0,0,1,0,1,0,XXXConfid
5505,72,0,3,1,36.875358632390856,1,9.319915159738688,3.23746783711338,5.412580728987653,7.713007913408396,0,1,1,0,1,0,118,95,264.32885658854684,54.11478792971749,36.024718203962216,251.9454632652732,14.469000441091268,3.041975763283923,0,0,3.893378125174314,0,0,0,1,1,1,XXXConfid
5167,64,1,0,3,33.45295222234227,0,16.44643746851742,4.174914643376781,1.5831864841582055,6.24851879588504,0,1,0,0,0,0,164,68,291.9560114512916,136.17774927297285,86.49409577260704,111.59403435246573,17.718277295929628,8.86169699884968,1,0,3.068818290510458,0,0,0,0,0,1,XXXConfid
5660,71,0,0,2,37.46255306355748,0,6.091720200857052,5.016604240360111,8.700893301236581,6.835319874437981,0,0,1,0,0,0,159,102,206.62697418861973,117.30881793521824,79.60734330868905,59.38807265887595,10.532553946045006,2.89095995103977,1,0,0.8572824616286445,0,0,0,0,0,1,XXXConfid
4818,63,1,2,2,22.049001658563466,0,13.22010953947846,8.731341356619165,5.426497156416725,4.231687993691498,1,0,0,0,0,0,173,95,209.3767315787548,150.98496422042172,48.56728145861443,195.4775041081196,3.34297191261948,2.005683318851789,1,0,7.367210785234079,0,0,0,0,0,1,XXXConfid
5323,62,0,0,1,24.60781008835424,0,9.616486836439613,9.365491833882738,1.1862408760689636,4.980155595703891,1,0,0,1,0,0,91,89,202.28910705493809,99.360827834399,26.92098866033656,172.5304399004179,27.15786961294952,2.808937213149748,1,0,5.480380857519046,0,0,0,0,1,0,XXXConfid
5648,78,1,0,2,30.844795008932493,1,10.518348759167484,8.760164644823105,1.0070421012023212,6.481819895802484,0,0,0,0,0,0,116,95,249.6073379493861,56.00776289612006,77.89548763270673,313.18326465340755,13.017392566288278,1.3853386100814202,1,0,1.419697935005353,0,1,0,0,0,1,XXXConfid
5019,66,1,0,0,23.99332657290627,0,18.040145780944897,7.066063337153495,7.300272307449016,8.847288791839103,0,0,0,0,1,0,170,81,263.1658501564482,113.84297834071997,86.30352055850571,54.10115858290688,4.9939611473658765,1.0718245502347468,0,0,2.519987845274956,0,0,0,0,1,1,XXXConfid
5131,80,0,0,0,32.97741210348072,0,6.133179214670044,5.3385250559909405,0.4031210513302241,9.427967829920254,0,0,0,1,0,0,127,112,239.49066922851364,95.12416163085128,42.26917229885822,392.7380727105561,0.0353010414848997,6.174597576749232,0,0,4.424642272842258,1,0,0,0,0,0,XXXConfid
5549,82,0,1,2,22.602947992813952,0,1.8073126520209517,7.077525546396512,9.538392482050194,9.994079149295873,0,0,0,0,0,0,130,118,163.12603472968854,92.0467653083933,38.02267414115279,223.2601148639277,8.955845990157163,6.062227055756537,0,0,3.052137506377599,0,0,0,0,1,0,XXXConfid
5264,84,1,0,1,27.948006142380542,0,0.9093919565518972,3.551892140592301,5.770028311705103,8.702133545668808,1,0,1,0,1,0,178,98,285.8753647555129,172.08641773005684,95.15381039863487,273.79905069707524,3.155182619860593,7.720831884917647,0,0,8.63314236014445,1,0,0,0,0,0,XXXConfid
4773,82,1,0,3,37.583877059139006,0,5.836420770415041,7.676580403528889,9.76757902526422,9.250389464823089,0,0,0,0,0,0,120,71,225.6582355059466,87.32844006802857,43.22416524035568,365.2630881192175,18.844436767326457,5.882797484487043,0,1,9.178852734182172,0,0,1,0,0,0,XXXConfid
5242,71,0,0,3,17.469964277458306,0,2.4995053318913474,0.6633429816820535,7.376840985176864,9.012182868884818,0,0,0,0,1,0,144,115,226.727364075674,76.94847732714055,31.00936020982146,237.51917665677945,10.924177551174544,0.1592250913534065,0,0,6.48209778005823,0,1,0,0,0,0,XXXConfid
5065,61,0,0,1,37.716555949845976,1,2.4805168121973886,3.043753890683539,7.17618258932265,6.86212786906467,0,0,0,0,0,0,156,64,206.13704250931244,156.41777407921245,38.35576845871302,166.73096300211105,1.7648662789809078,5.391301030299366,0,1,2.8638987805327973,0,0,0,0,1,1,XXXConfid
5077,82,0,0,0,32.36232700351748,0,18.012678580648327,3.98386351719084,3.0292865718884068,6.622108405136999,0,0,0,0,0,1,175,62,223.42266781648044,67.01560231600436,47.68532013162513,356.4079310211623,19.744027533624944,3.3214516085986,0,0,9.621756240422664,0,1,0,0,0,0,XXXConfid
5022,88,0,0,2,37.46882265567558,0,2.2936902780018964,2.887563401431726,0.3661619505259195,8.84823071548405,1,1,0,0,0,1,165,118,223.0399050325222,186.2760790945028,40.62857878570178,114.9886075618664,19.71796422666052,9.70265815748827,0,0,4.642499107748302,0,0,0,0,0,0,XXXConfid
5716,87,1,1,2,37.21763367866454,0,7.361617819377423,7.365872094445947,5.111504057983027,8.099755160573377,0,0,1,0,0,0,174,60,164.5122680847238,125.89327778786269,50.19733923612624,90.87877230557513,11.653116238496148,3.589590943708252,0,1,0.3880014592259073,0,0,0,0,0,1,XXXConfid
4782,67,0,3,0,37.20517664341232,0,12.215677002389487,7.78054361069664,6.433890340028459,6.7448203467299805,0,0,0,0,0,0,137,114,270.1677399421025,118.891075149731,78.04944147950317,272.80401861506425,0.6946002355490943,9.986440703623884,1,0,6.0093757860437815,0,0,0,1,1,0,XXXConfid
5291,73,0,0,2,19.04169695062712,0,5.0307111218403495,6.00329441095112,8.671520131052139,5.515540872159609,0,0,0,0,0,0,139,99,219.51342407760689,183.36474989117676,58.65097305477978,340.2279793835636,15.3460973444548,1.1523088392975644,0,0,5.041728423700636,1,0,1,0,1,0,XXXConfid
4771,82,1,0,0,36.22309879636211,0,4.19289550965694,6.381502407159495,7.971127068871205,9.521026998926784,0,1,0,0,0,0,120,93,271.84144940568734,84.47888882125085,76.37038996359557,361.2420139668628,8.984758990788695,6.946428266027044,0,1,1.6880245896723012,0,0,0,0,1,1,XXXConfid
5349,90,0,0,1,15.083201432028956,0,10.922651703318277,2.5511320432348605,3.970068290168914,9.793449951566942,0,0,1,1,0,0,143,106,246.17643002124188,191.51426062746037,52.49524680704375,177.71819156505524,3.543469681547661,1.0865137064400954,0,0,0.2483775034999835,0,0,0,0,0,1,XXXConfid
5273,89,1,0,2,31.030492221632716,1,3.82093467685348,8.472526978967501,5.167853123131537,6.72589842572617,0,0,0,0,0,0,95,70,235.15967732682452,104.76593974725571,62.019508181816015,130.78747899420495,4.0881227001047895,9.561069722595825,1,0,5.6200069945462605,0,0,0,0,0,0,XXXConfid
5403,85,0,0,2,25.754165972390624,0,0.9862529009571276,1.1955670776490537,1.851793209141741,7.566073969695722,0,0,0,1,1,0,118,94,291.0316255820034,157.8646517863188,24.64676222957032,200.46200187602756,26.261174594058183,8.720573344209887,0,1,6.135860292854986,0,1,0,0,1,0,XXXConfid
5566,78,1,0,2,38.98227576663311,0,0.8579633040491852,2.5540787706708645,4.414653568692581,4.514756426508937,1,0,0,1,0,0,121,80,178.06177903576997,69.89979105183744,63.57589103262261,70.97508522056347,13.78508536704688,1.9600698034586383,0,0,7.483998357289822,0,0,1,1,1,0,XXXConfid
5255,68,1,0,1,39.73371014370947,1,3.3682264283561603,0.7606286843818877,2.801780231522688,6.501614801449034,0,0,0,0,0,0,124,98,266.0182427720281,196.89149990746023,23.72733148195814,228.5774669552958,14.658692863993766,2.1167508998899254,0,0,3.385612360663015,1,0,0,0,0,1,XXXConfid
5049,66,1,0,0,20.561419303017523,0,2.0582964358466405,8.451846116953742,6.591744304128111,5.464979404662817,0,0,0,0,0,0,151,105,155.9558654403167,190.63073815185768,41.63314800349952,60.40932249242557,20.896224035405343,9.66179324565723,0,0,8.78192640523943,0,0,0,1,1,0,XXXConfid
5697,71,0,0,0,37.88382820070184,0,6.185814194197654,5.0370432443592446,3.2814904949932533,7.977523565182737,0,0,0,1,0,0,137,82,272.0460314689044,120.2178968153499,91.01445764550634,358.4419286229435,20.947233271048617,6.789160303572961,0,0,4.349303978941842,0,0,0,1,1,0,XXXConfid
4896,80,1,0,1,26.86631222102816,0,13.160706271895732,2.8501250993820597,8.474539820843008,4.336467243323479,0,0,1,0,0,1,136,62,275.1398803419251,104.149828593834,70.93336490235865,128.95808093513972,8.84166266122588,9.042163068686328,0,0,4.039577085800293,0,0,1,0,1,0,XXXConfid
5579,71,1,0,1,39.677200017551485,1,11.337109666689928,8.861771133724414,2.107593698690557,9.362158745518007,0,0,0,0,1,0,124,83,225.19982437493013,156.3886910279693,78.99103377364177,83.36409266936745,9.1682859831823,5.204142076973774,0,0,3.9054729731389406,0,0,0,0,0,0,XXXConfid
4855,61,0,0,1,35.60109736804393,0,0.5187279188311034,0.3716132694137886,9.091479762329254,5.710991648693582,0,1,0,0,0,0,164,78,232.59466983960615,93.6536817565788,65.16191839805974,126.68281688981004,23.032406031248755,3.631850370246565,0,0,9.158020062900489,0,0,0,0,0,0,XXXConfid
5684,63,1,0,0,35.195904382607814,1,4.219251400524016,9.513502300837066,5.6945499853722445,7.538424951958757,0,0,0,0,0,0,143,91,258.46653046514945,179.38409295823655,34.59606335152075,56.07661513692508,5.159678359495797,9.115629717367431,0,0,6.865459785667754,1,1,0,0,1,0,XXXConfid
5173,74,0,0,0,16.34984030035939,0,4.608306589711743,6.410241728148921,7.761080966549532,7.0051864449584125,0,0,0,0,0,0,130,109,189.8335677142933,156.48604586184865,38.10135318140855,375.2222002554079,22.35785297953361,5.416057979350239,0,0,4.914406435887697,0,0,0,0,0,0,XXXConfid
5296,75,1,0,1,27.75398290243906,0,15.928488832874336,9.631812896892672,2.416371226204084,7.550456635752648,0,1,0,0,0,1,157,96,242.70373355869185,122.18627375927323,48.20940020498463,252.10221166272336,22.798806019244022,9.901835000099302,1,0,0.462487914300369,0,0,0,1,1,1,XXXConfid
5407,67,1,0,1,22.947439840345737,1,0.9534914348403034,1.1602962487852395,2.929877836669953,6.776171533830644,0,0,0,0,0,0,159,78,209.62745356097187,162.99408332654613,58.36433204256763,211.99263491999827,8.054002237348705,2.247148531222254,0,0,7.425207074325844,0,0,0,0,1,0,XXXConfid
4984,85,1,0,0,29.93408443545901,1,3.89673915706362,8.487712387288706,2.0270891153965485,8.817634538811774,1,0,0,0,0,0,111,87,150.45964892454555,131.38504362341587,76.48378222906764,273.44598732319173,26.755423518405788,1.2794726117066155,0,0,5.022675580293027,0,0,0,0,0,0,XXXConfid
4869,77,1,1,2,19.36454508357861,0,18.23714054886429,1.4770531540776022,3.4808279159120548,7.471877693572239,0,0,0,0,0,0,166,93,295.9802426390147,115.01580550387872,82.49633979467387,195.39322332666708,22.86615739994557,1.8043918926760536,0,0,8.8256852341999,0,0,0,1,0,0,XXXConfid
4951,83,1,0,1,25.047418770295472,0,19.972927101772417,4.236013001222942,8.897781165910484,5.018263059859555,0,0,0,0,0,0,158,82,275.1563322029272,157.0593778659573,40.71075862017431,282.78669106401327,12.509261969713656,2.762328390493052,0,0,4.041915428565223,0,1,0,1,0,1,XXXConfid
5423,80,1,0,0,38.864805719928114,0,7.059478353389741,9.893396194323634,1.77273110227805,4.916921548101231,1,0,0,0,0,0,170,92,173.12828803698966,139.50993706017948,60.453103183861536,370.78678367814007,3.104542570511064,6.163950023486954,0,0,9.565025783128323,0,0,1,1,1,0,XXXConfid
5032,68,0,0,3,33.789882889065275,0,7.517856020913658,2.7402145041794235,8.307371793264876,9.833603417607566,0,0,0,0,0,0,125,111,190.46288689958627,75.55271722931859,39.52841088966564,315.83577291151624,24.11172712726868,0.3023582262305324,0,0,7.542834324116916,0,1,0,0,1,0,XXXConfid
5153,76,0,3,3,37.24808884988575,0,12.648325014814422,2.549975383213398,6.226853217332627,4.5512495116879785,0,0,0,1,0,0,106,69,206.77533270138656,94.00291130028484,64.90466514976791,131.39076528776258,29.269283663726497,1.784411265200484,0,1,5.284833879466832,0,0,0,0,1,0,XXXConfid
5098,78,1,0,2,23.4588029268651,0,5.299912935056135,3.968356325750726,0.2533378936329211,4.742974744362623,0,0,1,1,0,1,111,64,195.6638091326682,158.54870137220323,64.92851421856425,375.205670013711,25.9092073625667,5.64953152795991,0,0,8.391042319091746,0,0,0,0,0,0,XXXConfid
5481,90,1,0,2,15.392563144997954,0,4.139557812038463,6.648838200339744,7.696666183940265,6.600914299594304,0,0,0,0,1,0,167,70,195.0485566771005,137.9865241584442,20.36677074257984,313.2637928704036,1.0294338270830503,6.417242403680042,1,0,7.603081869641609,0,0,0,0,0,0,XXXConfid
4932,62,1,0,3,24.310318837351105,0,18.024217249858392,4.867640413742478,2.5396253858467013,9.223367621354052,1,0,0,0,0,0,154,91,157.47013581783307,129.09504901766178,48.66010213733191,153.42656890903197,5.415193562304415,9.118460893521076,0,0,6.625033549970923,0,0,1,0,0,0,XXXConfid
5610,82,1,0,0,22.497556996852666,0,4.252890171168088,5.784293429579435,8.076364223641727,9.382453483196402,0,0,1,0,1,0,125,87,197.1120958185035,122.66161481509492,48.88734597198621,382.5501339455646,9.694310839526617,4.2197768572046455,0,1,9.052356128098149,0,0,0,0,1,1,XXXConfid
5516,68,1,3,1,36.010701068582016,1,13.901332519035886,0.826775518820555,2.113705224560439,9.85055643521789,1,0,0,1,0,0,120,94,156.92957958235883,87.0893637625058,34.10838471012483,324.55153376137093,10.009077321024582,6.792740516292231,0,0,8.505273771952451,0,1,0,0,0,0,XXXConfid
5240,66,1,1,3,30.65938916426929,0,7.64604897223027,1.273163259707509,3.644761263468559,8.305036448645675,0,0,0,0,0,0,169,103,233.2245142910167,159.59847778517195,83.40648213125263,215.9175457874859,7.520493591939459,4.035455139630992,1,1,4.3271409604264175,0,0,0,1,0,1,XXXConfid
5633,82,1,0,1,38.79342438080752,1,3.838056313952687,9.79590558846808,1.5282071392323304,6.391498847420368,0,0,0,0,0,0,126,102,265.8920105288728,189.45053364434335,60.901142387573614,125.49119292772042,23.90878471970424,2.34158952754161,0,0,7.861270974016515,0,0,0,0,0,0,XXXConfid
4944,85,1,0,2,17.482584988237104,0,7.074457835941863,3.24718126518993,2.7254903347429025,7.345048931349302,1,0,0,1,0,1,166,82,166.12758368833778,66.24311935106493,62.42087775007906,269.77408005951,20.53311105122186,5.467276816575678,0,0,9.426069411740276,0,0,0,0,0,0,XXXConfid
4931,84,1,0,1,29.913352108349898,1,7.1155960211959846,5.957518975626447,0.9003002584891251,7.708647962553311,0,0,0,0,0,1,122,62,250.4528895015082,73.83591017269481,58.1076719960022,202.0724175359092,8.412409905734744,7.287104255369696,0,0,7.555005226861132,0,0,0,0,0,0,XXXConfid
5462,60,0,0,0,20.352157611043456,0,16.789335345341335,3.37678562803019,1.7367644432230367,7.633571482115752,0,0,0,1,0,0,123,77,191.21565694949015,108.13445917695552,62.64879102428196,232.687492859554,21.98609516940756,4.49668395906154,0,0,6.747443475510168,0,0,1,0,1,0,XXXConfid
4842,71,0,1,2,19.03881524993873,0,19.48350110714724,8.072807243562046,0.9745420865547894,9.078878634682363,0,0,0,0,0,0,122,112,181.58687073355105,63.487722770057815,95.61128457485736,389.1376312936425,23.16482611778244,7.020471825586507,0,1,4.6457483682061005,0,0,0,0,1,1,XXXConfid
4841,74,0,3,1,26.4286792080736,0,16.683677784208932,5.369292726187504,9.672833773212687,7.092990848047392,0,0,0,0,0,1,144,118,158.87312059575405,104.60667930854312,31.21367351747172,286.23533725307794,18.966873826877578,5.492027299630012,0,0,4.699102185828725,0,1,0,1,0,0,XXXConfid
5353,70,1,3,2,37.01616791386846,0,14.536111226242486,3.802190139903716,9.578994226530623,7.428924602214166,0,0,0,0,0,0,172,85,250.5090044915148,128.05937540394456,82.04807670383482,218.9400455793469,12.692661837400262,0.5979164514893676,0,0,1.1680680108292674,0,0,0,0,0,1,XXXConfid
5506,82,0,1,2,23.455673396911656,1,1.5733806499268876,8.707644340030761,8.843953840542303,8.384152926374599,0,0,0,0,0,0,158,118,224.78137720912605,100.53123919792483,53.019738038879055,189.20965079030356,7.181618395775765,3.872698082414172,0,0,2.374253654672761,1,0,0,1,0,1,XXXConfid
5305,87,0,0,2,38.07602655765472,0,18.388840023990625,6.362301880185362,2.898970526512085,7.813986612332634,1,0,0,0,0,0,115,106,173.5160726695398,181.77089450055948,58.07952370207963,198.0906058764527,28.741477159171197,2.4152755053552117,0,1,1.7936164945646171,0,1,0,0,1,0,XXXConfid
5150,80,1,2,1,37.30295492086057,0,18.13487899241759,9.718401453840398,3.5290770400486746,6.223200586297088,0,0,0,0,0,0,140,79,186.9064616732712,116.8461684134333,44.1436294379121,329.90385991407766,3.287471568199224,6.954236558329312,0,1,8.277344542962124,0,0,0,0,0,0,XXXConfid
4827,68,1,0,1,24.48758892994578,0,14.06004678648779,8.112291312103183,9.864425829021474,5.949473786438393,0,0,1,0,0,0,126,90,206.9018329521557,52.763095686922455,39.8281702578149,244.3521650776192,22.640682162744085,5.815445153144524,0,0,3.301421990924493,1,0,0,0,1,0,XXXConfid
5283,66,1,0,2,31.793916361493856,0,18.61281902771608,7.824361675404477,7.693946562280056,9.95496780997384,0,1,0,0,0,0,95,104,165.33721637355697,173.023510220771,49.51738895964667,324.11741989741114,25.847956560198316,6.91540558243894,0,1,3.5148821696782018,0,0,0,0,0,0,XXXConfid
5041,69,1,2,2,17.63031833222239,0,2.720552804980592,0.9978622191474484,1.8866135840466125,4.013579396975648,0,1,0,0,0,0,178,78,286.3510655657285,184.95510175719,87.59217515798815,50.99271714464115,13.580759988458036,7.555929766286106,0,0,6.898207006128838,0,1,0,0,0,0,XXXConfid
5752,77,0,0,1,15.418517395430884,0,13.2993332372464,2.163622955016231,0.3017690335722822,8.149686958573701,0,0,0,1,0,1,160,66,259.32863668001715,83.18313096893728,83.91798871390256,282.94431151741526,19.270930457378697,4.309641892867439,0,0,4.419818224591672,0,0,0,0,0,1,XXXConfid
5256,73,0,2,1,20.260630920289596,0,1.1441114450574008,7.370079390679175,7.576393774431064,4.917915360943811,0,0,0,1,1,0,128,76,177.96352087403025,53.57957736511781,69.6192069094848,354.2581732823403,17.972518055732266,7.238520540327395,1,0,0.212521472042001,0,0,0,1,1,1,XXXConfid
4968,64,0,1,1,38.56355902713955,0,12.146624360065363,3.729816632058042,0.7506638177643665,4.439973552386133,0,0,0,0,1,0,138,109,226.4889190312217,80.41447713988836,37.75404845160983,380.9560944924492,12.104783772519603,0.121166550945656,0,0,3.993001255101176,0,0,0,0,0,1,XXXConfid
5142,86,0,0,1,30.62423053433476,0,15.284845659243098,1.418271736622868,9.862397613530064,9.484198673581805,0,0,0,0,0,0,107,104,151.2649978935568,174.99363650165134,25.75914066902742,374.45028272706907,24.154021817795837,0.0985029110156343,1,0,9.541530158949731,1,0,0,0,0,0,XXXConfid
5419,76,1,0,1,36.89788648850266,0,17.5418123740083,7.878701083956511,6.558316930733106,9.583179059940164,0,1,0,1,1,0,156,92,167.65854418017415,197.32252561260876,25.330286108269338,348.0630457087408,3.376888669025612,6.217060647339316,0,0,2.562482932690371,0,0,0,0,1,0,XXXConfid
4797,71,0,1,1,15.648055357542315,0,17.88591914169506,0.9305580959447056,4.944311503010534,8.473919092103424,0,0,1,0,0,1,118,115,283.93061736963017,178.02511693646335,25.567222253831765,64.65858177317232,13.430165928299749,5.082369495508024,0,1,1.439628888308907,0,0,0,0,0,1,XXXConfid
5211,62,0,1,1,17.87510303807553,0,13.525545618162717,9.585769202707498,4.266007574282117,8.24708401200774,0,0,1,0,0,0,131,108,202.41974178470747,184.97482202766204,36.97303309911619,288.7881805842326,6.592071465162111,9.572719223201869,0,0,8.573933044229893,0,0,0,0,0,0,XXXConfid
5274,88,0,0,2,18.31805483538984,0,14.27459603361667,1.0549795920387506,5.04590392624868,4.0041733525232885,0,0,0,1,0,0,155,98,172.00666368137564,190.5204775924768,44.70818529404221,213.5044804038357,6.07465025230661,9.53319748669746,0,0,9.465251892865524,0,0,0,0,0,0,XXXConfid
5674,60,0,0,3,36.61833218687749,0,17.93924063193475,8.013897006538826,7.596331878268741,4.540265029135167,0,0,0,0,0,1,152,75,200.28902429018336,109.77896949645312,72.01565495335865,382.9182560491871,1.758375472980217,1.6485194806544967,0,0,4.218699744979966,1,1,0,0,0,1,XXXConfid
4979,84,0,1,1,17.5728978415988,0,16.360608124387884,1.3175157686462358,6.072849318677555,4.268992369113227,1,0,0,0,0,1,142,63,207.01823993056885,76.84534079051738,42.51471139947796,163.33044456256593,17.841342129914004,7.321790802568621,0,0,1.4999771658840488,0,0,0,1,0,0,XXXConfid
4941,75,1,3,2,24.471610718026604,0,18.44435219554969,8.027074916034952,4.9599182199922165,8.063560556264918,1,0,0,0,0,0,114,84,202.11853321116496,190.34552269017004,60.31247743716234,376.51559849991565,16.56140737376939,5.803625637124284,0,0,7.738044524219106,1,0,0,1,1,0,XXXConfid
5140,86,1,0,3,38.13425719785836,1,14.567275377566837,4.3203721159455135,8.521131813620254,4.735347560221074,0,0,0,1,0,1,109,116,218.2364890963449,194.6829915570184,39.344509778133165,354.30016141538715,25.67258231502216,2.9412397727284034,1,1,4.312858081520728,0,0,0,1,0,1,XXXConfid
4833,68,0,1,0,38.394412700682025,0,4.848256928922217,6.438980426545232,7.634650677841584,9.209426651904,1,0,0,0,1,0,158,84,263.110572361367,155.37004389300816,89.3594438425633,270.4326742094325,14.208720499926292,6.512727831537788,0,0,2.7268152703655693,0,0,0,1,0,0,XXXConfid
5287,78,0,0,2,39.14394924741038,0,14.746297954725527,2.9748299573737667,1.9373309203067235,4.323479071489464,0,0,0,0,0,0,148,112,167.08592641247904,104.98017332041164,86.0055372931987,89.42869938870159,28.33338913459059,7.879021361702899,0,0,0.8972579951346338,0,0,1,1,0,0,XXXConfid
5570,89,0,0,1,18.891134603457683,0,3.8520126244667607,9.931414773627056,6.475960707545728,8.86505669260545,1,1,0,0,0,0,102,90,251.53214419425905,122.9352829752307,76.67732032095878,129.65775799733134,5.036091974099105,5.551858409535342,1,1,0.5032536788269037,0,0,1,0,0,1,XXXConfid
4970,88,0,3,2,17.685666350373,1,9.944366952502667,2.7079500182796323,2.240344981839506,8.278826988542821,0,1,0,0,0,0,151,73,207.70533261718853,123.1522359843563,46.41463664561344,218.727991203264,20.119620301621616,4.8128812318210565,0,0,8.480840488477968,0,1,0,0,0,0,XXXConfid
5459,65,1,1,2,26.31393783340132,0,8.05914253477262,8.623143650297788,4.02741950350614,6.73435594350069,0,0,0,0,0,1,151,73,197.7309574137475,173.16787249905036,91.57327159212866,370.6829727472892,3.765232405665474,7.4046311357975325,0,0,9.124759580981394,0,0,1,0,0,0,XXXConfid
5354,70,1,1,2,26.534459673916484,0,4.396500794305325,3.9719466718360863,7.102001130937285,9.793669204172645,0,0,0,0,0,0,141,79,269.8986058910864,114.65630912249848,32.87768561452851,381.4306746314083,21.29028704493123,5.288551968828542,0,0,7.765838067755947,0,1,0,0,0,0,XXXConfid
5687,77,0,0,1,19.41193496423626,1,12.418372790533445,4.074434396963093,2.309486777354759,6.433805303754339,0,0,0,0,0,1,121,116,223.02814298219477,196.25327887152812,49.60814768327068,309.0615434207406,26.480491686705257,6.182360329441099,0,0,5.200744563485608,0,0,0,0,1,0,XXXConfid
5235,62,0,0,1,17.45848455708525,0,3.5488916414812777,1.6992861351913249,0.8528066409097912,6.096847029801743,0,0,0,0,0,0,156,107,167.5596380760773,84.83646279251296,86.65633957863838,162.6353766777756,22.364519624902123,5.969030958622666,1,0,8.294354512670967,0,1,0,1,1,0,XXXConfid
4779,83,0,0,1,30.95364704240386,0,4.692218861789743,0.4426908642093896,1.2892518488393956,7.869067535006348,0,0,0,0,0,0,107,104,186.55983336914747,63.42324157105127,88.90087636957928,114.9232292815966,28.661262174905925,8.153338978912668,1,0,2.111638581486581,1,0,0,0,0,0,XXXConfid
5198,60,0,1,1,17.162113379119866,1,7.414168865496378,2.023875912633624,6.715461108355148,7.412713622675536,0,0,1,0,0,0,155,119,191.69404655762867,165.81159471125616,30.25163129884845,160.15901536227784,11.657815635564408,0.4104758514631557,0,0,2.9011971240317056,1,0,0,1,0,1,XXXConfid
5145,71,1,0,1,35.856474823811965,0,16.340321357610936,0.5408051758977583,6.222104641896222,6.970432289176758,0,0,0,1,0,0,113,96,173.0095327019307,145.64944605065116,99.19288833333424,398.0058584592749,7.190098332531059,2.994733314244153,0,1,4.97086866104019,0,0,0,0,1,1,XXXConfid
5196,62,0,0,3,24.72556308193264,0,14.815555989094966,3.886583556096346,5.939271850527872,4.363277563656819,0,1,0,1,0,0,98,69,173.07951587050087,189.4629206196235,43.49023670998126,233.4140005509556,6.4921116436919295,1.819515872230848,1,0,1.971349504535449,0,0,0,0,0,1,XXXConfid
5370,90,0,0,1,21.94525331000741,1,16.273599532637366,4.01916739796102,6.46687164440163,5.00887093549238,0,1,0,0,0,0,91,109,241.6800017097447,115.68908478481086,57.12779892037084,54.769235092683225,15.456346940299362,5.823508376514814,0,0,3.229356580143773,0,0,0,0,0,0,XXXConfid
5548,72,0,2,1,19.46201736601808,1,7.446553669687852,8.315056806250142,2.623017726381108,9.537957294851395,0,0,0,0,0,0,101,85,152.30254522761362,61.82344607153754,82.63368017367242,367.8327312787694,3.511856429916824,9.415109536030666,1,0,7.730468782944307,0,0,0,0,0,0,XXXConfid
5680,78,1,2,2,38.85745166979255,0,14.411179755828664,7.128369676095383,2.176695369219086,5.965032782076866,0,1,1,0,0,0,99,84,241.95638056146305,190.92506063007107,53.54587240430027,274.983039999369,25.629225726765515,5.290484488973835,0,0,4.116632670436507,0,0,0,1,0,0,XXXConfid
4811,82,1,3,0,39.339062016967816,0,13.353639260046876,6.539632390925265,0.4711509840914751,9.47075322889,1,0,0,0,0,0,150,64,183.7556814000701,95.8141510938827,92.39396818433302,89.05509835049227,11.855802985871826,7.607442430867218,0,0,4.067242639768802,0,1,0,0,0,0,XXXConfid
5014,84,1,1,1,31.673714741906878,1,10.321665519297952,6.363930512577413,7.247938774163388,7.629155716447221,0,0,0,0,0,0,119,70,174.90567415306958,60.43096056305167,95.64055449346397,322.31187826958114,0.7279806219178508,1.3563135449169117,0,0,8.180731065693402,0,0,0,0,1,0,XXXConfid
5114,87,1,2,0,17.85448196267939,0,3.3478987411362526,9.923983731393967,9.36974484241798,9.926320445642313,1,0,0,0,0,0,153,64,151.87879961526403,192.03192303846717,28.076755306220484,151.5364605087956,24.694652673712035,5.868976305422412,0,1,7.119123806400238,1,0,1,1,0,0,XXXConfid
5246,85,0,0,2,33.96765649067699,0,10.739196894147591,4.247829482458716,0.338431041269136,6.2332198947476165,1,0,0,0,1,0,122,92,158.22491122038977,54.34883594286723,90.05457754647186,262.3412214051039,12.215072584743009,1.8098101211143487,0,1,7.920117706126102,0,0,0,0,0,1,XXXConfid
4774,82,1,2,1,21.96939009200723,0,3.2896501984691406,6.93472637071743,3.242343132409258,4.4125955011923566,0,0,0,0,0,0,106,95,201.621614558135,110.15186574533796,26.635027886933045,99.8158551730985,16.929658638603982,8.446629240526804,1,0,4.572520339310109,0,0,0,0,0,1,XXXConfid
5040,66,0,0,1,23.403366475838773,0,8.32524230752881,6.48417943189728,3.936160418185564,7.988088174420879,0,1,0,0,0,0,166,109,250.4838396246721,62.68374037213279,31.938237277444514,236.6751339867193,2.177212618502248,4.178655763919243,0,0,1.7549319498790372,0,0,0,0,0,1,XXXConfid
5342,60,1,1,0,16.273563812851027,0,3.622595581202817,2.2989196032405257,1.421271940097394,6.490109980212963,1,0,0,0,0,0,124,86,279.1245042993151,195.375691407824,61.42778260386485,67.03581029155494,5.115888813999483,0.0903968865381288,1,0,0.4876508153132186,0,1,0,1,0,1,XXXConfid
4985,70,1,1,2,35.45510186586688,0,10.15192258260732,4.235300492369884,4.133676978952955,6.638248989179273,0,0,0,0,0,1,151,92,237.0273459254253,186.11357867199783,40.73842340621698,159.23532836870856,5.237676739856286,4.932578745761164,0,0,9.007573930714273,0,0,0,1,0,0,XXXConfid
5176,76,1,2,1,33.693965120187954,1,11.028163292966052,9.090222422248132,0.6821015100619598,5.443782918628614,0,0,1,0,1,0,178,87,239.1551462439882,124.5871395715982,98.59714519426204,160.45353700229555,23.78600559684367,8.083639911964722,0,0,2.374675818959593,1,0,0,0,0,0,XXXConfid
5651,84,0,0,1,31.83738305458502,1,11.583039529344068,0.494710896597299,1.714980321640861,6.6047862781985005,0,0,0,0,0,0,114,101,255.60720534087028,66.75783499140084,84.79272345197845,133.33971180342823,3.5729476004672267,5.268488104154422,0,0,8.657178471949145,0,0,0,0,0,0,XXXConfid
5599,90,1,3,2,17.536596035103706,1,0.9033912024032852,6.777515211748923,7.357604107581852,7.420434520705141,0,0,0,1,0,1,136,113,264.7473776212775,167.2086797683404,28.05337836749871,345.6505865057526,2.696109746526789,5.143704420597129,1,0,5.533067516669177,0,0,0,0,0,0,XXXConfid
4997,84,1,0,2,37.96697617811644,0,3.682344318795534,2.6882891635670934,2.9784009509509035,4.137831262663752,0,0,1,0,0,0,139,91,189.54970628427893,184.6411382418497,94.50229883046072,208.00765912743316,18.29006425625559,9.194752766600924,0,1,4.630247745540982,1,1,1,0,1,1,XXXConfid
4777,72,1,0,3,34.91818382670918,0,10.428664097862915,6.509781497051291,0.4063480520996476,5.797063982273073,0,0,1,0,0,0,177,61,271.89297836488447,116.66457125453135,36.0991304045596,67.7487142135675,20.449127109316105,6.601261387497216,0,0,3.1769672736372656,0,1,0,0,0,0,XXXConfid
4946,87,1,1,2,39.693680475688666,1,8.250450883744298,8.847971682800582,7.000779323052615,6.915031210343294,0,0,0,0,1,0,176,70,202.3513365384684,158.22334488890488,37.87751580796741,242.8689775024912,26.19110832470801,4.271958325421021,0,1,6.182935563459892,0,0,0,0,0,0,XXXConfid
5238,70,0,0,0,16.348776591553914,1,15.430588189024348,8.13104655265213,6.010538307930251,5.920503398398159,1,0,1,0,0,0,100,66,158.8426703443551,131.94186550097345,84.58004143848319,88.6551990306,22.089828655457904,3.365350904918273,0,0,9.087113398768537,0,0,0,0,0,0,XXXConfid
5129,87,0,1,1,33.590816675877164,0,18.142714063655863,9.594883653184006,4.478006061460485,6.155182129441974,0,0,0,0,0,0,173,109,290.71661465309944,176.08398682255302,51.89137390726038,96.42190797804368,3.7319153623814447,8.136756803188112,0,0,5.886319885261862,0,1,0,0,0,0,XXXConfid
5746,70,0,0,2,34.183661724970726,1,1.195681057491147,6.248471434728604,9.14090882920515,5.4140845273990905,1,0,1,0,0,0,169,119,159.0469706328236,75.38397510964342,71.57851530864093,112.81436668711008,15.684809405340074,5.8136226546589045,0,0,9.158293957063693,1,0,1,0,0,0,XXXConfid
5670,80,0,0,2,34.242050444765184,0,15.47552508190192,5.767185038715122,5.451478566679376,7.30257326905047,0,0,1,0,0,0,98,98,241.14105838806728,77.20716575118163,55.46784183166183,380.74575400372566,14.347568913850612,0.6185014066501937,0,0,1.5809308520360243,0,1,0,0,0,1,XXXConfid
5034,86,0,0,2,19.368231582559503,0,16.120664480885353,3.857726755632129,3.706893092383976,8.924927137736743,0,0,1,1,0,0,90,63,202.8276677862769,78.13592868271019,80.56148033547353,189.6425693709032,0.0053121464417005,7.884950321349553,0,0,8.590869407576598,0,0,0,0,1,0,XXXConfid
4929,74,1,1,1,32.148697804031585,1,14.800527179648547,3.69866679208509,7.393709392916662,9.77970487005159,0,1,0,0,0,1,101,110,248.32346066071483,154.44884841326734,87.80043156289963,186.9372674984824,26.767175744285225,6.640491403191327,0,1,5.943198792633611,0,0,0,1,1,0,XXXConfid
5672,63,1,0,0,15.214789409133305,0,16.636534028463153,4.907351133283441,7.668435170783495,9.861298276352056,1,0,0,1,0,0,99,95,250.72715372808065,192.9719688612045,29.703842582114028,309.7967520540171,12.400720962438452,8.63859314495237,0,0,7.418992011850637,1,0,0,0,1,0,XXXConfid
5655,73,0,0,2,26.765088176252107,0,17.360704763505083,2.6398072315499768,1.8235946625470931,7.031314608121779,0,0,0,0,1,0,113,105,165.12716817260804,61.82446433963935,95.01071695616352,208.4932922762612,23.282533916462587,7.21088079503343,0,0,1.3625395400013074,0,0,0,0,0,0,XXXConfid
5023,87,0,2,3,27.803264196966666,0,5.614039072645214,7.502017763117021,9.624374502936146,9.651808179323414,0,0,0,1,0,0,109,108,245.6007119069561,93.00881174740556,82.5221145795244,141.73001003957685,3.66676682040443,7.016789985857011,0,0,2.238360383314717,1,1,0,0,1,0,XXXConfid
5205,90,1,0,0,16.450544261192423,0,10.810414282979528,1.0711144279863627,7.593641333041424,5.684659778014005,0,0,0,0,0,0,128,110,294.6088135141261,91.24957827226028,67.28821320126096,354.4984525242593,8.556972311549218,7.164964343296568,0,1,5.051516868679238,0,1,0,0,0,0,XXXConfid
5066,80,1,0,1,29.093673634571143,0,10.327453253835234,2.424280488973584,9.723905901113955,9.5729907171295,0,0,0,0,0,1,99,65,229.0706274312693,58.48914219940856,68.37129161140628,243.32096031272891,3.1193023123312846,0.0923170241697624,1,1,4.862052897353118,0,0,0,0,0,1,XXXConfid
4900,66,0,0,2,29.59327449135317,0,5.090043119907968,7.015328512975232,8.28969473996984,8.549867465938892,0,0,0,0,0,0,90,102,280.0066214995712,153.8523529929911,86.32876796415604,239.74238203920004,20.796712352329276,2.432584183624753,1,0,5.246875445881626,1,0,1,0,0,1,XXXConfid
4930,75,1,2,3,20.621037801883027,1,17.69859172977573,3.1742770873400907,8.08099148460136,9.156386000377925,0,0,0,0,0,0,129,108,276.714789830303,176.67929240994823,66.59906770881864,65.64587827704061,11.272435561736131,5.092444793033345,1,0,1.1689774672725894,0,0,1,0,0,1,XXXConfid
4819,83,1,0,2,27.58637207522561,0,0.8479413202476049,3.441452426373264,2.8252298264607845,5.966401635501415,0,0,0,1,0,1,144,93,211.27702042046647,144.3386970965331,84.20189768171282,324.9163442236195,3.424275509505792,2.4590250995328837,0,0,4.539494312889184,0,0,1,0,0,1,XXXConfid
5709,78,1,0,1,32.93303084867942,0,2.3834795916463647,3.9604689830607342,0.6948691180935529,5.04422054305164,1,0,0,0,0,0,157,109,165.64126220576355,87.91190727924103,42.8086785011424,123.76415279967588,14.194315636242528,3.163243329308133,0,0,3.172298188255296,0,0,0,1,0,1,XXXConfid
5523,81,0,0,1,31.456892542975403,0,11.89671264774628,9.218084962463088,7.421303390156342,9.305302832603587,0,0,0,0,0,0,159,107,212.61620326581,187.62236005844335,35.34316854097203,163.13457430498022,28.89658360348088,9.682576203653907,0,0,4.128420920931751,0,0,0,0,0,0,XXXConfid
5719,89,1,3,1,38.866212484431216,0,8.62455412820935,9.869696559439776,4.370038389145444,6.899845630860306,0,1,1,0,0,0,111,117,273.071990019359,193.69538244807828,28.369517626299,129.17800710800535,14.116927960911076,0.1068580913706207,0,0,1.7179200384224569,0,0,0,0,0,1,XXXConfid
4825,71,1,0,1,18.49249115560949,0,9.78678432557457,4.810866398985436,3.4258558219707345,8.371713973029534,0,0,0,0,0,0,163,94,190.06774369977396,189.1854276692725,65.22954576470813,278.7432293052789,26.141022681618484,4.75675679315996,0,0,1.805842108586947,0,1,0,0,0,0,XXXConfid
5493,84,1,3,1,32.701408874200965,1,1.849584753421161,0.5687920697176041,2.6384199122330765,7.223721293586104,0,0,0,0,0,0,105,69,292.62416261770693,108.89054095709642,87.39449361137086,143.0280222276669,8.67769613451779,1.5312500115841543,0,0,4.972396648429779,0,0,0,0,1,1,XXXConfid
4989,69,0,0,1,26.474380585828563,0,4.633337614203157,5.563494028605252,1.417343425988753,8.19766654321993,0,0,0,0,0,0,117,65,242.9075030049752,81.64197028746328,61.62945530425952,346.2744889686457,21.080756665106016,9.518820482738198,0,0,8.821406636631323,0,0,0,0,1,0,XXXConfid
5329,70,0,0,1,36.15957819145007,0,12.84625591009837,8.483159976944174,1.190442243325226,4.577649482864088,0,0,1,0,0,0,174,82,197.93068765916152,177.86611711134543,58.33349027854218,329.7732269857432,1.9373749740614776,0.8210000797049855,0,0,4.393757110053931,0,1,1,0,0,1,XXXConfid
5010,76,0,1,1,23.950444930510123,0,13.789174264685316,7.586138268415853,7.045473924187261,9.344363209139216,0,0,0,0,1,0,122,115,166.74815259384292,96.19898379725332,42.56134637055926,364.0785460752472,29.950813133918626,8.427908698147276,0,0,3.117151255278643,0,0,0,0,0,0,XXXConfid
4776,77,0,1,0,39.12367687367173,0,0.953868876213162,8.93924865859906,0.043146518926147,9.582176669777857,1,0,1,0,0,0,115,112,299.86848245556945,88.110915027727,81.9830391410278,279.7590257147657,24.59855912246992,7.710189041177024,0,0,6.286605713297274,1,0,1,0,0,0,XXXConfid
5515,71,1,0,2,18.573514762032083,0,16.467741201071185,0.1678728260866646,8.938343995056744,6.930628255064903,0,0,0,0,0,0,179,109,262.03698371530373,134.46347419292567,54.88875517196196,120.24328541300412,26.597183869529204,1.937335780627002,0,1,0.4283574969915327,1,1,0,0,0,0,XXXConfid
4831,77,1,3,2,39.12851172442893,1,18.718532606599062,8.78431344514947,9.314870360883678,5.528364622579245,0,0,0,0,0,0,132,110,269.627456242328,112.51039898110764,84.54294235972765,93.34970587144896,15.963228332147896,7.847366039688599,0,0,9.478815756859488,1,1,0,0,0,0,XXXConfid
5688,89,0,1,3,39.57009931082165,0,1.5767002268634478,5.712013600861365,1.0261379410579274,4.6702439069088895,0,0,0,0,0,0,155,99,161.70454926680517,112.30173441850964,81.53576130214955,316.7248600452612,9.327921971485331,0.2934897654217538,0,0,1.30729528674566,0,0,0,0,1,1,XXXConfid
5602,90,1,0,3,24.49061343464621,0,8.96210639550892,7.692713438455057,8.319462545334478,9.292856109208914,0,0,0,0,0,1,116,94,257.1095409297282,71.53354424019403,34.987171096130176,69.3409040106059,14.569870141422443,0.1662091697350642,0,0,3.3655059688250963,0,0,0,0,1,1,XXXConfid
5521,79,1,1,2,36.41323066187422,0,8.33115125239852,2.543226856286944,7.274718453074112,9.61742638035315,0,0,0,0,0,0,107,76,260.2414867841416,194.8005516789245,44.95180967889735,79.22990336614245,7.893652256957818,4.97453904528581,0,0,8.599703228484621,0,0,0,0,0,0,XXXConfid
5639,65,1,0,1,29.59216405171489,0,9.651056879159208,1.2662405492129536,0.54971246939445,4.7781640929881775,0,0,0,1,0,0,148,85,261.5095533451847,77.96823942913205,54.72808672347291,219.6923987584326,10.002861758980671,2.562758612264542,1,0,2.4076632420893973,0,0,0,1,0,1,XXXConfid
5474,66,1,0,1,24.706250080814115,0,18.498399472624737,6.398412991862569,9.794084141382363,7.842402374780072,0,0,0,0,0,0,172,85,185.97069312939908,155.0701634116997,86.69102248826908,225.41486500792269,25.71487706531397,8.106720482596991,0,0,0.7825621308925945,0,0,0,0,0,0,XXXConfid
5172,66,1,1,2,18.02204730864056,0,0.4025350888506085,4.605769418005856,5.531474601330039,8.645182584732853,0,0,0,0,0,0,118,116,277.1309547855948,67.47363752805438,40.52575997013122,218.28911884763784,23.385033426021423,6.592357965175809,0,0,9.322914070641012,0,0,0,0,0,0,XXXConfid
4912,63,1,0,2,39.79396986822624,0,6.496444797823062,0.66452914823115,7.561093456092172,5.863165775644562,0,0,1,0,0,0,90,62,237.3055866515752,186.6042157945485,42.44826415894438,295.41900538288616,14.729232573331869,8.457156489069613,1,1,8.022176289875283,0,0,1,1,1,1,XXXConfid
5385,89,0,0,1,37.843813567968624,0,4.31803869876692,6.099407919068714,3.6733803966728793,9.715803771716274,0,0,0,0,0,0,154,119,269.8206500611667,86.44359956313374,44.15733760195551,266.0622972015831,13.99036716329238,1.3374292319881875,0,1,6.5996534757578775,0,1,0,0,1,1,XXXConfid
5084,69,0,0,0,26.62180675688729,0,5.983190404969228,4.305987932958506,5.307162930495935,7.878602924513055,0,0,0,0,1,0,114,110,258.8660604297884,55.10469159489354,65.70070448500832,316.2000073555688,24.78458298322877,4.05414214241144,0,0,1.9611363087496148,0,1,0,0,0,0,XXXConfid
4788,60,1,0,2,31.56868858617654,0,3.478409188453349,4.773199920139789,8.8568335672575,5.539085587449215,0,1,0,0,1,0,157,98,195.47270850052573,58.260787004523074,31.22483996704006,239.8093230828949,16.640193723583465,6.538657627903354,0,1,7.605223631326135,1,0,0,0,0,0,XXXConfid
5643,63,1,1,1,15.676665250103984,0,14.33626390034341,4.162451225670269,3.007280458319528,4.80781453691584,0,1,0,0,0,1,140,76,226.2371080928362,57.20345500273336,61.81682114517852,179.69835362397475,17.217987222474203,4.873509596199392,1,1,8.340169896488641,0,0,0,0,0,1,XXXConfid
5411,80,1,0,1,18.333841082030943,1,13.172679371027009,0.3770575703814049,1.026630181065521,9.847776342454516,0,0,0,0,0,0,149,99,220.44240810432188,126.49536104538696,53.76516781992787,166.19003387368537,9.400138967623532,7.7895477758143485,0,0,7.092204015214349,0,0,0,0,0,0,XXXConfid
5634,84,0,0,0,39.58692403096923,1,18.6367412846843,8.032769664946116,3.55522006037135,7.29767456135096,1,1,1,1,0,1,143,95,291.35160823620936,169.51936292990248,92.98457745509803,210.19290850498925,13.74513879496664,0.8222954214079037,0,0,2.287523745769573,0,0,1,0,0,1,XXXConfid
5300,68,0,1,2,31.62365461834637,0,0.0020030991362718,4.63801700416639,6.623467599763739,6.468209957946469,0,0,1,0,0,0,152,71,160.87887374915294,194.54503357067352,42.9821972131279,56.87978820566386,7.78944759301991,9.579038909505838,1,0,5.258633124928457,0,0,0,0,0,0,XXXConfid
5088,70,1,1,2,37.9865156032925,0,5.646354984053124,3.910209887013102,4.405001298792184,7.805691800664095,1,0,0,0,1,1,151,105,284.6772569750189,73.07455296534216,62.017331867980594,356.09773727767765,18.81845718792708,9.756851875941743,0,0,2.3101587357921205,1,0,0,0,0,0,XXXConfid
4810,68,0,0,3,36.49638842262803,1,3.292011146648617,9.673810276806048,7.788818508320887,7.621481249678437,0,1,0,0,0,0,164,79,190.33052863713849,178.39626813828414,74.27411857180473,61.98441601759174,14.813436390717152,8.964177537349366,0,0,1.0155255340502034,0,1,0,0,0,0,XXXConfid
5673,67,1,0,2,18.60876743180022,0,9.740162237003616,4.393379649892203,6.123152041451986,4.99584670593509,0,0,0,0,0,0,152,73,243.24329786042983,80.53184809562765,22.266972269247248,146.27890626828477,10.006516559608327,2.211573656887276,0,0,1.1118863003024015,0,0,0,0,0,1,XXXConfid
5312,74,1,0,2,18.09292191554813,0,13.782532225919004,7.726419370551935,0.6055498942681314,4.32801241208664,0,0,0,0,0,0,155,111,177.8724522649454,137.39080884123723,23.231031098354133,287.0946733568927,11.729263459145736,6.213146480463864,0,0,7.938563126698737,0,0,0,0,0,0,XXXConfid
5458,80,0,0,2,21.30215092389175,0,2.36365376137822,1.9945343908119828,9.382042906788795,4.447425994595156,0,0,1,0,0,1,109,79,211.9522224886664,72.2615603286672,73.63672433474274,121.981315718422,28.01870206825728,0.1576394110842638,1,0,3.779720020195492,0,0,1,0,0,0,XXXConfid
5675,77,1,2,0,25.977544620443705,1,12.837984718439689,9.3926215932966,9.73007666246428,4.572712253973821,0,0,1,1,0,0,125,84,214.5972238820048,76.45547286815727,30.005039650339853,60.04558216898248,2.783135718700714,7.443298255703898,1,0,1.6285472068388596,0,0,0,1,0,1,XXXConfid
5327,84,0,1,2,33.74497451635651,1,6.071953916661563,0.1335591476761255,3.9734494208704008,9.831192125791556,0,0,0,0,0,0,154,112,180.733243684798,123.65176587697276,79.06449726119675,117.39129204840135,3.300698988589602,0.5633924563318848,0,0,4.128294463208943,1,0,0,0,0,1,XXXConfid
4873,70,1,0,1,35.41867033645954,1,13.83570224460589,3.434712218248599,3.8767153452979928,6.864590764118251,0,0,0,1,0,0,99,102,187.68680360976668,161.55097289078054,80.56483394481955,377.09880952975846,16.663273233674666,4.958081298624196,0,0,1.947732516966878,0,1,0,0,0,1,XXXConfid
5272,77,1,1,3,30.97653289859587,1,4.257052910336565,2.983499193415456,5.721082603046118,9.75782862672694,0,0,0,1,0,0,100,88,177.5985196225915,86.16100620260747,70.4774076476486,211.8043577157109,22.81823650402013,8.717137072245729,0,1,0.4288824770922883,1,0,0,0,1,1,XXXConfid
5039,61,1,0,1,21.439566766785028,0,12.376989463213343,1.5797627469343778,5.23976613834594,5.222150888766976,0,1,0,0,0,0,161,90,205.57089263043449,82.97509688335474,92.10436383800514,205.8854088451368,24.1277336403099,0.6127239622896208,0,0,3.7980550495327634,0,1,0,0,0,0,XXXConfid
5333,72,0,0,1,28.249553811493207,0,17.20062486722988,7.447008889859871,3.424856248334155,6.095187343875059,0,0,0,0,0,0,148,94,236.6315347444124,164.19168657088233,98.003562938959,294.02878520423326,5.096832175013461,5.643766025392717,1,1,4.0306440817790525,1,0,0,0,0,1,XXXConfid
5358,71,1,0,0,26.472989356632965,0,9.17238605121059,1.5875672518293735,3.5752194973434537,5.12669609927299,1,0,0,0,0,0,136,82,240.9392799654836,66.24789914909515,60.03917770086554,393.1033515430447,8.953287601354814,1.857645809815307,0,0,1.3854509020241346,0,0,0,0,1,1,XXXConfid
5507,63,1,0,2,15.944764069632352,0,6.158673171170596,5.302046776788371,7.683447891086391,8.047429480621561,0,0,0,0,0,0,106,77,163.98073051978608,106.05449390044608,68.13611952290859,370.9198672262676,22.83555314761592,4.265099213458664,0,1,6.065070694749458,0,0,0,0,1,0,XXXConfid
5681,85,1,1,0,19.1165360320033,0,7.61624272054404,9.928924365606228,6.705019140336854,4.469326874487087,1,0,0,0,0,1,107,67,231.70814212768065,94.74038557786172,80.56888267530137,137.6942425032962,22.13263527634238,1.7359271367653484,0,1,6.266509905309691,0,0,0,0,0,1,XXXConfid
5252,62,0,1,1,37.51156664354868,1,9.402618375143511,5.619958111223621,6.132239884726265,8.137825705251405,0,0,0,0,0,0,143,115,227.98177903155025,95.41398316478448,93.14918124242296,126.36494535451294,1.030017712647805,8.50279085765019,1,1,2.0365126720450317,0,0,0,0,0,1,XXXConfid
5614,82,1,3,1,35.262498281905444,0,7.434299524853318,4.639583113882415,2.5649498204643373,9.366482886380702,1,0,0,0,0,1,155,66,186.9352875408428,100.63880669949876,20.725533223405822,366.1865373946164,24.46083328635592,6.070005666822843,0,1,4.8153020088306295,0,0,0,0,1,0,XXXConfid
5678,77,1,3,0,17.368801417987633,0,16.78625672349425,8.353497415566762,5.645010086023002,7.128500593527878,0,0,0,0,0,0,113,66,213.4194281128661,101.95864823609536,52.6694895347752,177.03998389731248,23.00349166109928,1.9709980407002523,1,0,8.048990029498249,0,1,0,0,0,1,XXXConfid
4994,70,0,0,2,23.18599675060546,0,8.451036079477237,6.184947662952243,9.927076998680455,4.148365748805471,0,0,0,0,0,1,162,64,203.2300180438349,140.1026298577848,63.21650194559464,312.54638602836155,24.199335264803093,4.225134382440338,0,0,5.454608178952652,1,0,0,0,1,0,XXXConfid
5492,86,0,0,0,37.00161393417564,1,6.922844777904242,2.9280128717487006,6.493641655102323,6.693764509350564,0,0,0,0,0,0,148,82,199.70172109966364,192.43287649282493,35.65887212394098,200.7641130201309,12.445867959861426,1.3298245276096987,0,0,0.1964907578723107,0,0,0,0,0,1,XXXConfid
4982,71,0,0,1,22.546918122558825,0,18.162116083290226,6.2906570101968615,0.0476606166040927,8.373842924880828,1,0,0,0,1,1,128,88,233.90351763838103,196.96016900637036,78.00964654707576,150.1646155817325,15.65386947293997,7.316058741304118,0,0,0.7543790421790963,0,0,0,1,0,0,XXXConfid
5185,90,1,0,3,26.57008638250447,1,4.676487071591922,6.706810773340447,1.2449385897120635,9.678151514517374,0,0,0,1,0,0,149,92,290.59782064075057,75.92652186219195,44.71236032221789,150.36326110619223,14.234835752743226,3.749291841175408,0,0,2.44365701835326,0,0,0,0,0,1,XXXConfid
5734,68,0,0,0,33.929723657987935,1,3.68408058326003,5.822422270556015,7.6026069553167455,8.440609586210584,0,0,1,1,0,1,125,117,241.0246223815805,195.6266849019717,37.03786975335384,274.3219920674526,16.955433532856283,2.1913865043182943,0,0,3.978265356225609,1,0,0,0,1,1,XXXConfid
5051,70,1,0,2,25.361921455201884,0,4.781686727465839,6.084822622331123,1.0470197175178608,5.266550632362683,0,0,1,0,0,0,169,72,197.8272190347112,121.98651601700509,90.33632502026896,378.0685716559398,21.27394907748561,0.7950503153238853,1,0,7.1336945372279015,1,0,0,0,1,1,XXXConfid
4925,79,0,1,0,20.781603041625427,0,9.98346126971493,7.634173992808607,1.807103172331028,5.453489555561596,1,0,0,0,0,0,131,96,220.9351604296395,125.93943497311663,98.068000483623,366.9166737464511,7.260801023492062,1.7942483849058588,0,0,5.762990930657415,1,0,0,0,0,0,XXXConfid
5085,83,1,3,1,21.923465721428336,0,0.1980288841527477,5.911030178007476,3.290571270308279,6.211039816723973,0,0,0,1,0,0,160,69,213.75962778789943,116.76436080805068,70.08071246149444,391.5629126504874,17.843534738624776,7.429656512634183,0,1,9.832044502353012,1,0,0,0,1,0,XXXConfid
4824,75,1,0,1,23.60156305317375,1,9.658511215534668,0.1194808506526035,0.3025355153575182,5.397002484038709,0,0,0,0,0,0,127,92,227.793041064846,184.2024288202227,73.83117753782223,282.79956587920606,6.953998018273281,6.038325146830308,1,0,1.2858981363362998,0,0,0,0,1,1,XXXConfid
4913,87,1,0,2,36.73782497356432,0,17.913998427854864,0.0685386262386922,2.9476931743198884,7.582171801500154,0,0,0,0,0,0,136,76,264.5604712379573,115.3491548580911,48.8244284718992,399.8881375858133,1.245433718686085,5.786867383263045,0,0,5.884869827146254,0,0,0,0,0,0,XXXConfid
5391,68,1,1,1,34.353946675066275,0,15.739731549780686,0.9785515566137049,2.8243897421569466,7.556486918209959,1,0,1,0,0,0,119,100,225.75457151725595,158.2623841825142,94.13981057434466,265.5385416691724,3.3482018035122687,8.824596839048269,0,0,9.140566516331582,0,0,0,0,1,0,XXXConfid
5389,70,0,0,0,39.16785110155946,0,14.76108249512015,6.006941653929529,8.195243821594756,8.89300131649999,0,0,0,0,0,0,154,112,268.2698535005598,113.55000388499327,69.40703457102649,381.3333816568597,22.246201600696423,9.806194327655266,0,0,6.274827613270685,0,0,0,0,0,0,XXXConfid
5018,67,0,3,2,36.15929046542082,0,11.609705133266193,6.9267094942458645,6.621345517752278,9.618718583251823,1,0,0,0,0,1,106,111,206.204694275014,199.96566510142804,39.77559828599688,93.4214089549861,0.3645221093105155,1.3005083997577571,1,0,0.8800506155907706,1,0,0,1,0,1,XXXConfid
5627,81,1,2,1,17.05236715237172,0,16.22775332170613,8.256350258802392,8.419147488771376,9.928928113328944,0,0,0,1,0,1,147,107,172.46879746388595,133.37470949332192,85.82740129518737,392.8094289285348,2.996018162272202,8.861872333941967,0,0,7.149190046724466,0,0,0,0,0,0,XXXConfid
5120,87,0,0,1,31.74820167554216,1,8.328004263530564,3.5740949115354197,0.3843707045934319,8.024143476272464,0,0,0,1,0,0,106,81,236.91565097761764,69.18153678339034,52.52075419928914,253.0374703001886,21.455441900335348,0.9679848564675976,0,0,2.190328770625796,0,0,0,0,1,1,XXXConfid
4790,62,1,1,3,24.85270519910136,0,12.644183618611036,3.831908857933252,4.553545357453736,8.833340547414064,0,0,0,0,1,1,143,74,187.23489648664025,175.59477544271917,44.48162727316763,155.1506361999629,15.74564922258117,4.799272518021191,0,0,2.406760775956145,0,1,0,0,0,1,XXXConfid
4934,89,0,0,1,38.13850258821758,0,4.167783582388472,7.489578799691613,0.6991677183427403,9.586542040254445,1,1,0,0,1,1,158,68,245.5230790687289,66.76741879882246,22.358738461346935,273.17396900636885,27.687501930606192,0.6756083766167698,0,0,9.72298813374189,0,0,0,0,1,0,XXXConfid
4837,87,1,0,0,21.002055096702627,1,2.603051064684634,7.789202727649634,3.751172999747789,5.278122600222032,0,0,0,1,0,0,99,62,218.12244783022007,199.3679889326636,51.63577140026411,296.6477120048477,29.36638921703591,1.1531727450599003,1,0,6.297861751280429,0,0,1,0,0,0,XXXConfid
4981,66,1,0,1,39.73509624944676,0,1.984765492888163,6.075934124741148,8.131555129831515,9.230261023670574,0,0,0,0,0,0,155,76,272.92917816090807,142.02706060808026,60.68499013290272,127.91317566988954,25.26406202938368,0.464275410402446,1,0,2.858125501539276,0,1,0,1,1,0,XXXConfid
5360,76,0,0,2,18.53013172796615,0,9.621768575393444,1.7537892223459106,6.938616694934447,7.353780260348545,0,1,0,0,1,0,137,98,202.9473323768892,88.37596536671208,82.94237512462996,393.6945987877234,1.9299106702145483,5.480983681103501,0,0,3.219415483975945,0,0,0,1,1,0,XXXConfid
5618,89,0,1,0,24.010200570489324,0,16.79559141915743,6.804451488432877,9.948000882891124,7.196675374745024,1,0,0,0,0,0,114,87,228.31115017605512,77.22036057790179,95.69161535740362,370.3176970330315,2.255683379029849,0.5127876207096749,0,0,2.2680048893318894,1,0,0,0,0,1,XXXConfid
5056,89,1,0,2,21.893239412922025,0,4.645678103012932,7.754038437012987,0.5184279609746023,4.027486555505964,0,0,0,0,0,0,155,106,196.7869592597944,95.30854198668698,42.559739706387006,386.6432064513661,28.66560282268794,5.422681423093212,0,0,3.324013298667512,0,0,0,0,0,0,XXXConfid
5747,83,0,3,1,32.98009066467834,0,18.802520586604324,7.427898828075353,2.2808092181568678,9.815333278990972,0,0,0,0,0,0,98,95,248.2277846524925,183.3406690067256,76.83993571692365,252.43478134403205,13.331885983223646,4.044084805931519,0,0,8.797415398552129,0,0,0,0,0,0,XXXConfid
5288,84,1,3,2,37.03658582291186,0,1.6472499702542986,5.26267084036731,3.859935744423729,5.30720354807349,1,0,0,0,0,0,127,100,199.0974134987922,110.44819945551647,55.510487953449385,195.16816422868573,13.320524530740771,4.4467216861822525,1,0,4.883654147833062,0,1,0,0,0,1,XXXConfid
5069,81,1,1,1,32.08098476587824,1,17.952025673599127,8.333778783104048,5.796696475405158,9.572676459310683,0,0,0,0,0,0,129,70,156.61378971155136,123.81031970764712,27.125433490178075,359.02630248685495,14.392021207780886,2.406024253759366,1,0,9.204962909756311,0,0,0,1,0,1,XXXConfid
4760,87,0,0,0,35.45630172642629,1,16.02868823659191,6.440772687360699,8.086019121177605,7.55177344379122,0,1,0,0,0,0,130,78,281.6300502325664,130.49758044040834,74.29124729357356,144.17597454508945,28.38840942324381,1.1489035304880713,0,1,4.554393865141739,0,0,0,0,0,0,XXXConfid
5195,84,1,2,1,32.396430277287024,0,13.94260192477194,4.677393565721144,0.2202257700624366,5.7228562588183305,0,1,0,0,1,0,179,74,237.0954434332478,70.5885433983197,89.68564994040148,323.74284138345286,4.929253511743368,2.2932476371620103,1,1,8.016928192030075,1,1,0,0,0,1,XXXConfid
4808,90,1,0,3,33.4059841532612,0,14.245280021113349,0.785802295964233,2.1698918575707307,4.580380897011411,1,1,0,0,0,0,105,74,264.34053160219133,67.54495747566763,40.104992302922426,136.53730369630077,21.707730124521422,8.009213959816243,0,0,7.929159266463261,0,0,0,0,0,0,XXXConfid
5431,76,0,0,0,22.997286470196595,1,7.525496761284847,3.0451392390444787,6.897592573304969,5.834303501190792,0,1,0,1,0,0,159,109,156.53047435811465,99.38746944305193,73.47894872313819,336.7252843781046,29.79569277041834,6.988327965305194,0,0,8.959130139989078,1,0,1,0,0,0,XXXConfid
5737,76,1,0,2,37.39770942152376,1,6.704213070774148,8.208095893751231,7.710565066265462,6.2711102538929975,0,0,0,0,0,1,104,111,228.72731847405203,135.02229180202903,51.56601797231879,382.40656279355846,28.481850693672097,4.754372534207424,0,0,7.931245794851366,0,0,1,1,0,0,XXXConfid
5127,87,1,0,0,17.174325571923656,1,5.861335398528884,7.578198564220214,3.756824104047282,8.334150929862489,0,0,1,0,1,0,151,75,271.27346794812735,186.7759264648217,76.9189672690565,353.65919565580015,19.922446686204427,9.768200016169288,0,0,4.358811295762753,0,0,0,0,0,0,XXXConfid
5210,68,0,1,0,28.84941508548009,1,2.499367401815047,1.2337913882702356,0.3345579822098754,4.51214836702653,0,1,0,0,0,1,128,105,204.48301423810537,111.72937996822488,88.62195803743779,384.88541034393904,6.966100350580774,5.385652422339472,0,0,1.5346727564479357,1,0,0,0,0,0,XXXConfid
5006,82,0,3,2,35.35346417324422,0,15.39395997559498,8.148103767928895,8.718569896073072,8.207433247893622,0,0,0,0,0,0,90,102,257.4733849583806,175.31173878458378,60.9560798248608,340.5828916229568,14.587252711294472,2.080850158718436,1,0,1.8271040679515893,0,0,0,0,0,1,XXXConfid
5603,80,1,1,1,16.834968205661593,0,19.05356472955789,4.352272180812965,3.432055071445128,7.361459170929955,0,0,0,0,0,0,126,112,270.4570572048528,149.65794862611756,60.246282169111645,250.12543250996973,12.399831650941913,6.265783506404059,0,0,1.6117042441253782,0,0,0,0,0,0,XXXConfid
5685,84,0,0,1,28.903315578508803,1,11.312637084182311,8.669612338325837,4.018128237445468,8.239790398349125,0,0,0,1,0,0,177,74,243.37113233624223,105.74270503682295,40.232392202732896,376.8538887321977,25.164930120123746,1.5451503946080802,0,0,0.7107038950439204,0,0,0,0,0,0,XXXConfid
4953,85,0,0,2,35.728179579870144,1,19.80697602379789,7.184832376155667,0.2735842752810935,5.430600991442037,0,0,0,1,0,1,108,85,221.52080985921597,100.06714745024748,49.64791967741535,52.05209661709366,20.47671980708335,3.107962678961033,0,0,0.8073180984283612,0,1,1,1,0,1,XXXConfid
5440,62,0,0,1,38.42215818243475,0,2.5063560944109664,5.028042824926566,6.040048346488272,7.357278899569224,1,0,0,0,0,0,126,103,295.23387815455135,94.61928329953744,25.662206618755757,335.5210923939548,1.5122541237578802,0.0132108913061124,0,1,8.950317884806235,0,0,0,0,1,1,XXXConfid
5139,77,1,1,2,30.151246417475235,1,9.726145425144509,8.312411604582033,5.61602559964642,9.702610082450713,0,0,0,0,0,0,176,97,266.40551256047206,196.96824084694484,84.46815095971532,272.57869084759807,18.55619414190679,3.6532575485887375,0,0,9.609696204895684,0,1,0,0,0,0,XXXConfid
5663,71,0,2,1,27.981423546916822,0,10.235514718861548,5.604943804008251,2.004545076866273,8.875351395792292,0,0,0,0,1,0,114,70,287.7851953206482,140.7627992158976,58.62119347582703,305.26455751886874,6.847749688279547,9.734455818360267,0,0,3.687826431844584,0,0,0,0,0,0,XXXConfid
5197,80,0,0,1,33.39840959300128,1,7.558891381234794,8.497812259876037,6.645197024353666,6.992889290697102,0,0,1,0,0,0,113,83,185.5898712876217,87.83841828668088,47.63499516792162,154.48753449091026,9.474630582099117,5.421122624798096,0,0,9.711455779711542,0,0,0,0,1,0,XXXConfid
5382,72,1,0,2,39.24952454869019,0,17.042607914670178,7.848683878629755,2.627348759574837,6.170923024739484,0,0,0,0,1,1,175,65,222.5503512448824,188.8485762350304,81.25017400180653,60.54084439903582,23.292386666059908,8.006498740905965,0,0,5.472488041780137,0,0,0,0,0,0,XXXConfid
4980,72,0,3,2,36.06576515947022,0,10.912384544391069,3.98300050499395,4.726481890017436,6.011145269645537,0,0,0,0,0,0,126,85,276.73520239061435,183.45462831729725,24.26578792133552,130.9821567526005,6.121514571993391,9.714560505345151,0,0,0.0418255940430523,0,0,0,0,0,0,XXXConfid
5143,87,1,1,2,39.810994883305085,0,0.6128620029462151,7.58774430432581,8.778156606544908,7.532699938744206,0,0,0,0,0,0,113,96,241.08610204634203,96.3989268715793,84.1671174254983,258.29051020663394,11.94920449538552,1.5451739613405546,0,0,4.584014239024686,0,0,0,0,0,1,XXXConfid
5711,64,1,0,2,30.14182717688382,1,7.136677853878086,0.8101407818987472,9.129962161615005,7.062461786397556,0,0,0,0,0,0,156,78,166.71096148716984,176.37499947123905,54.57664858752239,250.63979256715763,4.98128507856844,4.341524348515015,0,0,9.46256640510972,0,0,0,0,1,0,XXXConfid
5436,63,0,0,0,30.57031991252681,0,14.235807601186284,9.80474686411209,1.6156689031862148,5.895122997600874,0,0,1,0,1,0,168,63,174.0204621424047,131.3091211352615,81.35130150653366,76.34647805529542,7.744211530570146,1.420330655980082,0,0,2.8215078384967285,1,0,0,0,1,1,XXXConfid
5564,68,0,1,2,25.18346977224797,0,19.363204756534135,7.982687863593133,9.40829335267772,9.699853153455477,0,0,0,0,0,0,172,61,184.0261864352156,57.56881095694344,63.35644419141809,290.267283774603,29.47376792871224,8.340352171798214,0,0,4.685371513567025,0,0,0,1,1,0,XXXConfid
5426,61,1,1,1,28.26083300995415,1,8.379174385497851,6.226202467972872,6.682308086878809,9.416885596913236,0,0,0,0,0,1,106,113,176.533075750118,134.8047605044485,43.180080560786,73.96748245361681,9.3931547772051,2.6712089086194704,1,0,0.583063231926868,0,0,1,0,0,1,XXXConfid
5483,89,0,0,1,24.891551147963803,0,16.387465615534065,7.398560742352302,9.202607511840895,6.325369744834048,0,0,0,1,0,0,137,100,160.34718825378116,77.62908385374058,65.38616513443027,399.2397108479853,13.755775786842843,2.602386453883435,0,0,5.526457232301536,0,0,0,0,0,0,XXXConfid
4977,70,1,0,2,28.918354192855325,0,6.432884499936384,1.1191927410007274,8.236774108479656,6.02984765608386,0,0,0,1,0,0,147,109,219.1672153535925,110.7140133146902,76.55059821293956,303.1883328212513,11.711640406652204,7.077052952710013,0,0,1.59406050379027,0,0,0,0,1,0,XXXConfid
4974,72,0,0,2,39.51522362738196,0,14.646690199533026,2.621373479850079,9.505683063083808,4.0086852223386895,1,0,0,0,1,0,160,78,223.5685712865756,141.69955070549153,53.30644492066786,321.4319646387925,14.929218581076144,6.845619619172117,0,0,8.402520118093102,0,0,0,0,0,0,XXXConfid
4921,81,1,0,1,30.041415493743877,1,4.605116153789066,5.226966648002488,7.751996778624934,7.906201079333949,0,0,0,0,0,0,155,75,293.05131635558047,139.60695618666284,64.04585831613625,257.98144023723245,17.09045206331354,0.8790594757271364,0,0,3.498997155300667,0,0,0,0,0,1,XXXConfid
5581,61,1,1,1,31.4452233719539,1,15.50109508141979,7.863064771719251,3.128334430643751,6.169472855667014,1,0,1,0,0,0,94,116,195.85927725631916,58.537932671016925,97.91030480836616,272.69974059754054,10.716269037024215,1.310870159128482,1,1,4.240208531282193,1,0,0,0,0,1,XXXConfid
4983,60,1,3,3,22.133917500459937,0,8.00475537430852,5.025370304624696,7.505658201852504,7.787134233887958,0,0,1,1,1,0,138,89,154.38583875065976,69.76299525813067,63.3305144997886,365.526165260629,3.109641514850648,0.7844799707050809,1,0,2.3295247227272875,0,0,1,0,0,1,XXXConfid
5748,60,0,2,2,23.125277387034227,0,16.41112945829874,8.740492078505138,4.942764929615692,9.88237195631753,0,0,0,0,0,0,144,118,258.7986894845115,181.66180448558327,76.00910081997772,217.65240661974116,27.097930079927533,0.0449707042002456,0,1,5.168955511593846,0,0,1,1,0,0,XXXConfid
5282,65,0,0,1,28.6389321860782,0,2.223471614988546,1.993665312621724,1.3091086340780125,4.60748373433365,0,0,0,1,0,0,127,91,298.5396848387234,141.45775556154004,70.16278876581282,145.76465360612525,24.48346350422842,5.739646395413965,0,0,7.333945150146822,0,0,0,0,1,0,XXXConfid
5449,74,1,0,1,27.043863307249737,0,0.0187377280023781,4.636838844773159,7.907215746662653,6.853953573460348,0,0,0,0,0,0,92,113,229.4883725320185,66.69071315180798,96.33775630762004,290.91262685312097,3.5216964606243675,6.2597024232457,0,0,7.727447961180105,0,0,1,0,1,0,XXXConfid
5244,62,0,0,1,39.81304181077198,0,16.7672414480335,4.310288376853949,6.332350548490906,4.245434378540598,0,0,0,0,0,1,155,65,157.0210966001934,188.89892584704023,21.25185939721603,68.74641989438902,20.254757773876246,1.296631583736213,0,0,5.651234131144061,0,0,0,0,0,0,XXXConfid
5030,64,1,1,0,34.82983179975028,0,3.3753024445789004,8.63878374318226,6.894610938421245,5.59977552297536,0,0,0,0,0,1,179,67,211.2129336068506,172.32669354877456,40.3833291646218,257.1398693039601,24.80997245303564,9.253534786036868,0,0,8.599262482293272,0,0,0,0,0,0,XXXConfid
4940,90,0,0,0,38.76117622690488,0,13.762192131980251,7.442755354212772,1.483763437841619,6.098709536367071,0,1,0,0,0,0,161,62,174.74656336272892,79.08448522600324,87.74716384603208,321.51854029787046,18.373714516959243,7.437289169812394,0,0,6.50705102602346,0,0,0,0,0,0,XXXConfid
5331,61,0,0,2,37.00540371706157,0,14.742240536811677,7.755680444969303,6.109043348006551,5.250913982720672,0,0,0,1,0,0,125,61,263.76654343708555,114.48140845739992,63.20290550831585,121.296586316598,4.397441429725801,3.673508595870033,0,0,3.9517600485427886,1,0,0,0,0,1,XXXConfid
5659,61,0,2,2,29.69277444573813,0,18.28662042065069,4.766424282118628,8.469109562678973,6.2256284985011,0,0,0,1,0,0,90,73,262.07636579484745,70.1963306814451,96.4878202908767,90.42543192402886,7.7309867442744675,6.166035169412728,0,0,3.006527837730565,0,1,0,0,0,0,XXXConfid
4971,70,0,1,1,21.780689656012655,0,11.698616384419177,4.190688671579456,9.240717694086175,9.655138833629085,0,0,0,0,0,0,101,65,164.3603609433977,80.4199840829217,33.41874582286629,131.80600495634468,15.024632196331805,2.694063012918738,0,0,8.495473471544145,0,0,0,0,0,0,XXXConfid
5657,66,0,1,2,25.826647925294505,0,11.14059253074412,7.776463792350073,6.032894447297656,5.847717113613551,0,0,0,0,1,0,91,75,193.77255751650583,75.08558848276469,75.19031621001433,316.2827343012341,19.83322241710785,4.961551261303814,1,0,7.504981564654302,0,0,0,0,0,1,XXXConfid
5043,71,1,1,1,32.71356209927926,1,10.195223353431636,8.767568663773261,9.891478654607235,9.802415432849536,0,0,1,0,0,0,174,88,164.17222274844698,51.918472165248026,92.32359711133203,301.2626263408358,5.1833098751135545,7.399716726035726,0,0,4.575793849888823,0,0,1,0,1,0,XXXConfid
5661,83,1,0,0,31.443368947999343,0,15.476363618749891,2.1777012209668234,1.85286219655186,4.526171083255374,0,0,0,0,0,0,102,91,272.87772786125703,154.8441521207767,49.42442121799657,61.1842056131899,10.378895049813318,8.788523226722315,0,0,5.864574417692193,1,0,1,0,0,0,XXXConfid
5163,79,1,1,1,22.07976407224882,0,19.46190847698412,1.5996302017050734,3.277276620388987,7.631398914768295,1,0,0,0,0,0,129,100,250.5444836322121,181.64511412824825,66.2176659194339,233.6447258549367,17.24457215102417,2.66012360384396,0,0,6.370311623530169,1,0,0,0,1,0,XXXConfid
5187,75,1,0,1,34.104934951404566,0,16.562240001806966,9.613334375378752,6.340310465272612,9.595461390740454,0,1,0,0,0,1,153,105,175.74641719875478,116.33350123674178,65.26512918996563,191.66158585616355,5.883036280484838,1.248649415179126,0,0,7.493350723390541,0,0,0,1,0,0,XXXConfid
5355,60,1,0,2,19.08194225090825,0,18.31949712509945,7.618110595340165,5.457844999396904,6.15556966237125,0,0,0,0,0,0,159,112,207.1330691883804,103.44271647554098,58.796120039121405,227.9329472639089,21.1971775464766,8.665682626310222,0,0,6.5195697727764745,0,0,0,0,1,0,XXXConfid
4939,67,1,1,0,29.300473328511185,0,13.603866235962034,9.296853838531842,3.5009607362127424,5.06908221367117,1,0,0,0,0,0,134,69,214.98770809230376,108.00543816495718,43.2861738022558,393.95700413152326,22.85569643798405,4.625447966370969,0,0,7.551030422690665,0,1,0,0,0,0,XXXConfid
5026,68,1,0,2,33.853982737836674,1,3.8795102322813935,8.087191249187867,4.571074006761694,9.453985878871148,0,0,1,0,0,0,107,92,239.60403279126209,127.03916347000484,83.22980909780512,251.58205029236893,28.698925766275693,4.13684292828452,1,1,9.596907284256332,0,0,0,0,0,0,XXXConfid
5048,64,1,2,2,27.9277602043172,0,12.936215768084551,4.0597172476291465,3.485779822659534,7.747012805806179,0,1,0,0,0,0,156,100,171.94186853235723,191.04198915403796,28.117633193926128,375.2582822403282,1.6923114219613855,4.111931333968983,0,0,9.309860300629293,0,0,0,0,0,0,XXXConfid
5412,65,1,1,1,36.35521143832998,0,4.139366533083983,0.5289139227506501,0.9208905020953996,4.527349533348426,0,0,0,0,0,0,156,109,174.7383789365187,144.12050948022187,44.54832148324109,63.24069122201915,18.89967223338955,2.483059748026084,0,0,9.55470339226412,0,0,1,0,1,0,XXXConfid
5117,76,1,0,2,30.302431748247464,1,11.814029672884471,6.28117027369856,6.204348897935667,6.825154928597685,0,0,0,0,0,0,95,119,233.62311445478792,101.04801293548522,23.251477125754967,230.796600033286,28.609437879529967,4.648135163216597,0,0,9.35570023207586,1,0,1,0,1,0,XXXConfid
5383,65,0,0,0,31.081563156833266,0,19.013497868071784,7.800726386982047,9.0095034307722,7.949520515967018,1,0,1,0,0,0,137,79,274.8855141021952,157.15953438020043,29.92265579435232,77.83257326692261,28.887044382409712,3.6700177848626137,0,0,5.072425263555331,0,0,0,0,1,0,XXXConfid
5583,66,0,0,2,39.15949718539364,0,9.904921662646425,7.234938616357019,9.351431268666962,6.18798648249618,0,0,0,1,0,0,101,76,248.78882077490215,166.02387364649198,93.99190324218056,369.20329970274594,7.9865411199930065,9.9146443026369,1,0,3.6595162406802464,0,0,0,0,1,1,XXXConfid
5080,62,0,0,1,39.9151361612272,0,17.41134208477415,6.608375314157224,9.675490311297466,9.146713704068912,0,0,0,0,0,0,105,111,299.50607417390563,160.83662267761218,21.179536610107643,176.123474707646,6.730131851401735,2.9194179816077104,0,0,1.699087368377169,0,0,1,0,1,1,XXXConfid
5490,88,1,0,1,23.936826888332035,0,16.86767752717511,9.556417041740488,7.937101153967956,9.694615524769562,0,0,1,0,0,0,168,69,289.60593323588625,163.74959403391455,92.91506332714916,169.2773475030977,22.00686074641748,4.020559039836064,0,0,2.226535642219254,1,1,0,0,0,1,XXXConfid
5258,74,0,0,1,22.292319526192703,0,11.283331553859329,4.0763304708396175,5.493093386027174,4.777369195730925,0,0,0,0,0,0,95,103,156.54268581002745,87.48799546150903,22.96229777529102,80.9627198461125,21.67149770167151,3.757367434025088,0,1,0.5562680136922771,0,0,0,0,0,1,XXXConfid
5430,68,1,2,1,22.75313420894944,0,13.24141805014236,7.784493257429616,9.812643386033978,9.799114492166508,1,0,0,0,0,0,108,83,251.2780840997021,74.09942680605913,98.13307964720607,291.30205198981787,16.299103857265486,1.7681468605319606,0,0,3.365375239369702,1,0,0,0,0,1,XXXConfid
4950,75,1,3,1,20.623037534982224,1,5.959682953464212,9.874974891227811,1.4844827015353823,9.44338726105834,0,0,0,0,0,0,91,85,221.6835529097355,55.76955823501471,45.05171559656517,155.36121484173236,9.529089953012084,1.1577194005076907,0,0,9.11698580714558,0,0,0,0,0,0,XXXConfid
5706,72,0,3,2,31.35492004079278,0,10.322987707445192,8.085569903244334,6.246485616697946,6.428606084072787,1,0,0,0,0,0,116,67,294.74104061263887,153.2194997300405,36.08097723910696,360.45810013513926,13.797765263179114,6.017521312813512,0,0,7.949166895257873,0,0,0,0,0,0,XXXConfid
5357,73,1,0,0,28.18746519383112,0,9.16384314253907,3.663993976870316,5.946964724613119,4.114202658980096,0,0,0,1,0,0,105,77,222.0810317551789,81.40226553007446,30.091304370259948,168.9164824024354,10.568237378262724,8.166745597272943,0,0,6.683499704232231,0,0,0,0,1,0,XXXConfid
5136,73,1,1,0,26.6791814406475,0,2.696011680978485,7.029777974283851,6.854401316445414,4.870124347157354,1,0,0,0,0,0,119,88,268.91209023164083,169.23326321742337,83.84514605587856,284.02340258325245,10.9418004468383,2.997555600697667,0,0,1.0879761188964043,0,0,0,1,0,1,XXXConfid
5094,70,0,1,3,27.91930212332332,0,5.220753153488655,8.106746042938898,0.8508161568088846,4.1969216397760825,0,0,0,0,0,1,103,106,214.35184911700583,123.39602559155782,76.1159760482672,111.58208885736116,1.1320887365290233,2.3668785962804084,1,0,8.131216946134671,0,0,0,0,1,1,XXXConfid
4966,78,1,3,2,31.649346995769264,1,4.363075338254399,4.070773395710581,9.353616450052536,8.5514956393748,1,0,0,0,0,0,116,67,274.8417087397178,82.45936647876194,85.76012017398614,140.05751489701373,15.170200980749431,8.990871080219595,0,1,4.122755780626644,0,0,1,1,0,1,XXXConfid
5518,62,1,0,1,20.44973612984428,0,1.573738547510759,7.451236556878634,0.16879763839587,5.164143474441225,0,0,0,0,0,1,165,87,266.6767810630013,177.8258884494357,60.4976200169257,290.4139957770218,12.780639894196907,6.766820379660164,1,1,6.716955759043877,0,0,0,1,0,1,XXXConfid
5074,70,1,1,2,17.6704519150356,0,7.053030747148048,0.4978997704339627,0.9549930750247092,5.434813299192202,1,1,0,1,0,1,146,62,166.3696927898443,89.6788646177309,36.17917093500213,368.9258588131964,26.85670942453253,0.7775592276259957,1,0,4.472865833167148,0,0,0,1,0,0,XXXConfid
5715,90,1,3,2,28.251751256089847,0,10.00635641331968,2.412698228930407,0.8394242331969104,7.683895619074653,1,0,0,0,0,0,115,90,192.8154076309084,151.62104441905888,46.27730034317111,357.63620914707343,13.510722577132563,8.552011907533299,0,0,5.307498014208514,0,1,0,0,0,0,XXXConfid
5526,62,0,0,0,37.43513394970618,1,12.27753868454457,7.0631048202348605,3.618688874161572,8.010275921558701,0,0,0,0,0,0,126,79,200.46417190029408,89.46960209322386,66.03843987128401,290.4754225914932,23.312552916810706,6.943106681780218,0,1,0.5540907957156782,1,0,0,0,1,1,XXXConfid
5029,80,0,1,1,23.87306657845288,0,17.93607488049775,9.835367342060652,4.182067783663358,5.335816033220796,0,0,0,1,0,1,170,71,233.2870246036254,107.95501062858874,25.98153579975112,386.2340425206368,5.038248667184565,3.871071784301572,0,0,0.1463055257027701,0,1,0,0,1,1,XXXConfid
5192,84,0,0,2,32.36337818765915,1,5.636192861114353,6.964001214287135,7.850067459563084,5.371911579562172,0,0,0,0,0,0,94,80,245.9317877819629,61.97216351246272,65.97893675231558,365.0074165150132,8.98833874976457,2.954914638843007,1,0,0.7954019045476168,0,0,1,0,0,1,XXXConfid
5543,62,1,0,1,39.65321247895338,0,12.342194971546624,2.3936939203906213,4.338271307420836,6.557982804460757,0,0,0,1,0,0,175,87,230.95521780285176,143.46474542118926,25.99376805145888,72.60970776999268,0.1486608796919952,4.792862800928584,1,0,9.43253254845638,1,0,0,0,0,1,XXXConfid
5686,71,1,0,1,31.20675962966364,0,3.882159097717404,4.140712600006347,6.8566933194631385,5.871395870570701,1,1,0,0,0,0,141,102,193.061949606218,157.03641375129163,71.54522045783197,210.46518600349103,27.547577311185982,2.96518897519182,1,0,4.878135405802485,0,0,0,0,0,0,XXXConfid
5375,78,0,3,1,21.507827776141145,0,15.624840096675308,2.9842793018494,2.063693547718607,6.002802146142416,1,0,0,0,0,0,137,109,161.26465839657294,141.5840977548856,34.35960408819849,88.32075594669342,3.955994156812477,1.1770252491660094,0,0,4.598842385040935,0,0,0,0,0,1,XXXConfid
5067,82,0,1,1,29.5131896432099,1,6.179732975831078,5.822987740436503,4.0290409339282895,7.4844023762381,1,0,0,0,0,0,103,83,181.72744082622668,89.8922399807257,59.570836764540175,130.9322726275371,17.84430001740165,0.0597303517479064,1,1,1.0672175180522847,0,0,0,0,0,1,XXXConfid
5328,67,1,0,1,29.153867295231905,0,0.1670666207342419,9.847049332426977,9.884981215864178,9.834224512859862,0,0,0,0,0,0,179,65,187.05899496517685,64.74739024929764,50.43095662379517,377.55076672609135,17.798343557231007,9.908790290499386,0,0,6.0429553823424085,0,0,0,0,0,0,XXXConfid
5690,67,1,0,2,15.573440839223249,1,18.70774097443369,8.890187352762858,1.6339093186419895,4.759863518991117,0,0,0,0,0,0,141,79,157.6712664560659,115.6381302471125,72.58412614266351,102.33978691960306,22.933524993807342,4.961056582515116,0,1,9.257957076223851,1,0,1,0,0,1,XXXConfid
5513,68,1,0,1,22.303052243640792,1,17.27799637294206,4.407954297998522,1.3484878716253512,5.285773722974328,0,1,0,0,0,0,167,71,285.620182994752,145.2757926203932,61.97466827713208,194.22910489918183,24.363516574933755,4.05236317887606,0,0,1.2335705785885898,0,0,0,0,0,0,XXXConfid
5149,68,1,0,2,23.290559347512733,0,5.280953631768266,6.509358888227924,9.997202924310534,6.417770525839139,1,0,1,0,0,0,172,74,285.7031022264414,175.7119422971006,95.90472982960728,364.9400661249346,28.474500300586293,1.7288805392124318,0,0,6.904485021470937,0,0,0,0,0,0,XXXConfid
5224,66,1,0,1,15.900701529119868,1,13.958694750718,4.58929692074749,6.395391742248596,6.839897778496186,0,0,0,0,0,0,124,85,159.9806310273018,76.48144470387433,64.63906703506922,206.9340125109082,11.118624193935666,3.616825205748925,0,0,1.997795008935952,0,0,1,0,0,1,XXXConfid
5416,78,0,0,2,24.473393972751985,1,1.8726470479145416,5.957490109870803,8.42182337984901,8.476227388709114,0,0,1,0,0,0,96,97,176.4534779477303,53.65780545440275,64.46164101896542,99.63643662696026,8.487081588356515,7.236027196505903,0,0,9.621265974513086,0,0,0,0,1,0,XXXConfid
5498,74,1,0,1,19.74514293338545,0,0.716035467011289,2.195243058390126,6.435057451895676,9.866740544143818,0,0,0,0,0,1,94,81,189.43098709331903,188.4184934661229,85.1093830909181,265.32703257426385,23.924553338130316,7.496452234318841,0,0,8.065492438169153,0,0,1,0,0,0,XXXConfid
4926,89,0,3,0,34.0688589521036,0,10.366758192991586,4.036442044004423,6.922538965700568,4.6812246050912485,0,0,0,0,0,0,148,73,203.88089785805283,87.53261252907103,63.59812607778524,398.85578527040536,26.05289432556832,5.375868215909975,0,0,5.148506445160905,1,0,0,0,0,0,XXXConfid
4830,89,0,2,2,38.05290771179751,0,18.071787282884955,5.2044115878194495,1.2144674357551457,5.11251247145041,0,0,0,0,0,0,108,62,152.3544633783926,113.06772961580064,46.6936413915069,282.3245962182711,5.826763232916336,1.5455118726807693,0,0,1.9517058546788413,0,0,0,0,0,1,XXXConfid
5093,60,0,0,1,30.983949669675397,0,15.025634136047875,0.6668911913255748,9.674142221080416,8.667019564368967,0,0,0,0,0,0,146,61,285.6784065633242,103.0647766440866,71.24252886422713,115.79795587319668,10.965836711849288,3.1895226489324022,0,0,5.354425473810656,1,0,1,1,0,0,XXXConfid
5366,85,1,2,2,21.640730768394043,1,4.035042827714528,2.5924653678770007,8.721388654940437,5.574936415376566,0,0,0,1,0,0,148,110,183.73736363878663,100.91306278301994,69.6072558690731,390.7964089704798,12.06254256369743,3.262767171543277,0,0,1.5909316335651713,0,0,0,1,0,1,XXXConfid
5656,61,1,1,2,34.53149367560035,0,1.2961932804547405,9.174858668705308,1.656669055386255,8.791682775883908,1,0,0,1,0,0,125,111,185.3099243150356,76.33376185898076,35.97958095150417,64.99784929703657,1.930016299664602,4.990471400970517,0,0,9.856080019343306,0,0,0,0,0,0,XXXConfid
4789,88,0,0,1,33.78068523580437,0,13.44208168540459,4.005685759630396,4.269645241994068,6.046635135585661,0,0,0,0,1,0,164,110,159.70466944056955,178.2034261667855,90.88366664863948,256.5490397746838,1.4816615287452697,3.3584302819978804,1,0,0.546761558062342,0,0,0,0,1,1,XXXConfid
5311,71,1,0,0,33.36767358708276,0,3.0836143001266603,2.820783603946546,3.3611589863741176,5.564563873673333,0,0,0,0,0,0,124,91,154.39499430019728,140.51217531603578,92.62878823973368,155.22712336328595,25.406921213594497,7.3391935944670355,0,0,5.940063511996473,1,0,0,0,1,0,XXXConfid
5713,70,1,0,1,21.69863677905872,0,19.33007667012571,4.239994368336549,0.6227284712519809,8.194751549722888,0,0,0,0,0,0,161,77,200.951941894087,134.96819689968987,90.3302952171219,340.0256238005198,6.2891767497284565,2.853424907370523,0,0,0.3316696964244137,0,0,1,0,0,1,XXXConfid
5281,85,0,0,2,34.63115693448319,1,11.605140001055654,1.913844537241719,7.407772031826728,9.256233753002428,0,1,0,0,0,0,162,87,195.8003892991709,176.8365689899355,30.368471089634514,94.51260187020068,4.206233388023151,2.921682549633926,0,0,4.916906441714296,0,0,0,0,0,1,XXXConfid
5095,72,0,1,2,26.880676253450616,0,4.402216898351849,6.03043994347098,3.7580314417515375,7.005371121164024,1,0,0,0,0,0,164,103,279.4047684768863,162.1696370169944,97.7936177409906,55.68361208069999,28.381027159533517,0.9657654188964993,0,0,1.8804742677032416,0,0,0,0,0,0,XXXConfid
5137,77,0,1,3,20.214718274894743,0,0.5567619458800821,5.994326552320056,6.354277327364275,9.49599698430866,0,1,1,0,0,1,137,71,225.0864298020321,116.38509663660656,59.97526613574778,232.50941611860424,14.732642597964212,4.735933850734202,1,0,4.156969082853265,0,0,0,0,0,1,XXXConfid
4799,87,0,1,2,33.476970506688936,1,15.809404159618325,9.338357918987649,9.648614359042613,8.204619338232337,0,0,0,0,0,1,127,114,264.4327044808505,168.52815421537633,73.35605096471771,196.3387894967753,25.834574220705505,2.5586364415885363,1,1,2.5971083097022007,0,0,0,0,1,1,XXXConfid
5229,87,1,0,2,22.53506017387086,0,10.3832964325335,7.081302051131607,3.6438860858454456,9.335540724872065,0,0,0,1,0,0,105,83,184.7437799156972,167.56676700982294,32.670213320448255,235.5365287896488,11.906803663266576,9.198626786433694,0,0,2.935397772373187,0,0,0,1,0,0,XXXConfid
5729,73,0,0,1,19.060665024604837,0,19.57759110365766,9.290182115316902,6.155533625692455,8.472929252349832,0,0,0,0,0,0,160,83,297.5051577254536,187.7576842406886,87.35136561809448,154.62245062692904,10.811238697003482,9.013686448833637,1,0,6.166283278363618,0,0,0,1,1,0,XXXConfid
5376,64,1,1,2,24.950535012520547,0,19.9202169438974,4.3753742742476485,8.941904359404912,9.60513385417207,0,0,0,0,0,0,146,82,275.928297813075,124.29983596361149,50.28757331341373,357.76178335131686,21.54031164022856,4.204610803328315,1,0,6.7920336160345816,0,1,0,0,0,0,XXXConfid
5465,86,0,1,1,23.4357359321426,1,10.94780273997748,7.032818720333626,5.3982230423818685,7.067341027182038,0,0,0,0,1,0,172,98,295.6950264474564,183.18929201126392,51.37777404633195,68.96714276841905,16.856673617053115,4.603499972083696,1,1,4.560955123142304,0,0,1,1,0,1,XXXConfid
4885,66,0,0,2,37.73988463742744,0,6.24488936754156,1.8951877610808088,4.316523127086739,8.794594679867194,1,0,0,0,0,1,94,96,188.78923939536244,67.19219809108421,68.38723496954967,69.83622464544632,21.590225708790463,9.302898476857228,1,1,7.767304971935907,0,0,0,0,1,1,XXXConfid
5293,72,0,0,2,24.33268913104834,0,2.7582368244858846,2.942446375882779,2.2183910400626394,8.140661494388786,0,0,1,0,0,0,155,109,261.7508611204562,103.68133553191824,38.06790061551372,255.27649735691372,19.11145548039946,9.156338235250782,0,0,9.988158570979106,0,0,0,0,1,0,XXXConfid
5132,75,1,3,2,38.66895998343006,1,6.669039131487868,7.328894548173231,7.973274736874043,9.966550650341116,0,0,0,0,0,1,134,68,198.0832421855734,158.7238842194457,55.37692127387149,211.19343088187924,6.177862947853438,0.7024060145663569,0,0,6.196022077725171,0,0,1,0,1,0,XXXConfid
5000,68,1,0,0,21.920243905561307,1,6.541341347451548,7.876942741820172,7.985479706887978,7.9405618751559,0,0,0,0,0,0,152,116,217.15224324745463,169.3688910913512,54.588442951211455,265.64872247791243,0.7535125325278091,4.488084460174058,0,0,3.038064885381476,0,0,0,0,1,1,XXXConfid
5691,78,0,3,0,27.04086714447924,0,8.022735331113617,4.06144536579229,2.876860203129304,4.016066782205513,0,0,0,0,0,1,163,80,225.27684736061525,84.92061007801905,81.51618378449169,300.9369555717785,26.58384388644669,2.5125970833105846,0,0,3.8098338995188823,0,0,0,0,0,0,XXXConfid
5701,71,0,0,1,39.56128124190528,0,10.846792271778227,8.132315748210864,4.197591157760292,4.421060941087176,0,0,0,0,0,0,167,108,236.72325947154297,184.9886979835923,26.124722727548928,326.54575093385944,24.60945982795826,4.011464917086004,0,1,6.501176447212728,0,0,0,0,1,0,XXXConfid
5166,69,1,0,1,32.38537914053397,0,16.652103695750558,1.868167780395844,6.238113083506921,6.920993022395072,0,0,1,0,0,0,150,94,280.15412354710435,79.57673585338235,55.48519639313953,399.6843108641155,1.6804467403294243,1.591742111551101,0,0,5.502752406874754,0,0,0,0,1,0,XXXConfid
5315,72,0,2,2,32.27685048327585,0,2.704373605253112,7.470750770927786,4.374623405566159,4.8374298214751486,0,1,1,0,0,0,98,109,167.17375857009512,174.43873030214945,61.58785967520159,166.4009395763515,2.165992582811012,5.97976875567003,0,0,4.547585739394294,0,0,1,0,1,0,XXXConfid
5324,69,1,0,2,20.54309342179413,0,10.028842647412064,8.722775923260413,9.709278622412151,8.995910978749448,0,0,0,0,0,0,101,71,213.0928451964142,165.95473811325851,33.80606528966447,380.411221514968,29.23040063591954,7.668544128694719,0,1,3.149512292032571,0,0,0,0,0,0,XXXConfid
5081,86,0,0,0,15.0357235171848,0,5.074811756187401,3.0941190775527936,4.343031050276904,4.157848300042068,1,0,0,0,0,0,102,97,298.01104075803755,69.64741927655707,38.017970289134304,149.68438750571727,11.517634387849006,6.952288387344523,1,0,5.803310329057526,1,0,0,0,0,0,XXXConfid
5642,90,1,0,2,24.556434234406247,0,9.708595628891786,2.137042995236232,3.741381469384584,4.303359237585296,0,0,0,0,0,0,93,105,279.2572954812797,95.69688919995286,21.25895604604194,194.4384689695258,17.06319861527034,0.8626142069017118,0,0,2.4382372252720206,0,0,0,0,1,1,XXXConfid
5208,68,0,0,3,26.63477907060127,0,1.5087750750578288,3.0193391296483894,3.046509325230067,5.6161058335578256,0,0,0,1,0,0,115,117,192.35629870393808,80.3502340685208,47.02584789399328,386.5786866391359,16.520113145085787,5.380111921380925,0,1,0.865188837564449,0,0,0,1,1,1,XXXConfid
5461,81,0,1,2,36.97086996934732,0,10.962042030255414,3.55607590322828,9.822954316527811,8.099904522429924,0,0,0,1,0,0,141,103,192.9524272580096,183.4910380405593,47.0974022380609,227.71174328339268,29.11881710154028,3.242755128584559,0,1,6.484364987627565,0,0,0,0,1,0,XXXConfid
5280,75,0,1,0,30.70673082303413,0,5.675321299577929,7.394836000490727,1.783326818390102,7.160814095325031,0,0,0,0,0,0,95,99,176.21138533265795,66.54640592172656,80.15911751151246,121.82154917096643,13.036926895562384,9.776060414647253,0,0,0.0583285245619824,0,0,0,1,0,0,XXXConfid
5509,77,0,1,2,19.04599875886179,1,6.086454156204642,2.065465927780025,2.792135759046621,7.769561692981143,1,0,0,1,0,0,162,76,279.4785118071251,53.13383755584191,86.66315892350073,54.09659480793452,18.49743237006487,4.719586756208699,0,0,8.06939881157538,1,0,0,0,1,0,XXXConfid
5710,85,0,0,1,27.175385283729085,0,6.0398575461302855,1.9353046154033196,3.019487238881098,5.479943273667016,0,0,1,0,0,0,130,106,287.3508200948585,96.46625709859724,91.8955009467179,74.54809064211561,6.734729589521372,7.013687138895892,0,1,8.001989599642588,0,1,0,0,0,0,XXXConfid
5725,76,1,1,3,18.619350509390557,0,9.633142424434505,4.143382629028379,6.380968860959708,9.988587669435342,0,1,0,0,0,0,178,79,217.5553084184425,159.69178613679446,83.02404251834793,76.5656773880903,22.92461584269124,3.688593922029674,0,0,4.223520680203993,0,0,0,0,1,1,XXXConfid
5571,75,0,0,0,25.39152648781331,0,8.449636887925049,9.549368707581674,1.7744176249688348,7.9516809388467316,0,1,1,1,0,0,121,117,226.3466139328397,142.65087042292296,23.460324868615423,153.9097130674084,11.968871823993243,4.00169386611511,0,0,4.918145626136035,0,0,0,0,0,1,XXXConfid
5488,66,1,0,2,39.42003053080823,0,10.15216652606514,6.496641101656877,3.0822251858584204,8.411235522524521,0,0,0,0,0,0,131,116,215.5929881996793,175.9678838448771,78.12550811056514,285.9587499679939,23.47437954849301,4.945924488048417,1,0,4.983284942383914,0,1,0,0,0,1,XXXConfid
5679,71,1,0,2,15.00885118163106,0,3.169215288354379,5.86313241102526,7.920967524659393,7.6147662601440995,1,0,0,0,1,0,155,89,161.46372160154638,171.67200808082563,38.67511739203166,88.61972573640567,27.86932357292244,6.426548757778543,0,1,4.1572105417114695,1,0,0,1,0,0,XXXConfid
5335,90,1,1,1,19.13254347938066,0,3.09534848960056,3.028467461876491,0.8116301162852069,7.464479587223202,0,0,0,1,0,0,161,71,208.4263287506625,198.19285316594625,86.88645873834429,261.5150991815916,10.27693803226677,2.0816597170367945,0,0,3.375817506051796,0,1,0,0,0,1,XXXConfid
5188,90,1,2,1,19.20848558583313,1,8.702845095321663,2.224318275491747,5.025735847153139,7.951450439013026,0,1,0,0,0,0,94,116,172.11488218299957,192.5183927259652,78.83851429254162,336.5695042833068,20.065502584408936,2.04485563276371,0,0,1.205145788781944,1,0,0,0,0,1,XXXConfid
5721,83,0,3,0,29.032199332283287,1,8.48490417520182,3.734992139648916,2.316498367548321,6.543544992411983,0,0,0,0,0,0,131,119,236.88403662352783,146.83019803846932,52.41565275219933,122.78239959975376,5.519691223935375,7.546981307526927,0,0,5.339308027547495,0,0,0,1,1,0,XXXConfid
5309,67,0,0,3,33.4501453643105,0,2.8164472022059805,6.965264394835398,4.090161487909052,9.486774402068594,1,0,0,1,0,0,133,102,248.73508179277525,77.1970127806687,23.92470036490785,249.44943704708305,19.336423693306436,0.0894664208328299,0,0,4.027866316452994,1,0,0,0,0,1,XXXConfid
5577,62,0,0,1,20.39616954197948,1,7.44020540278254,6.918467588831163,5.50068574881721,6.367450173486455,1,0,1,0,0,1,92,71,236.3004755989149,112.62956018754149,61.59331555396081,150.90188021496598,28.27812925007094,7.660452528313996,0,0,9.60866971018111,0,0,0,0,0,0,XXXConfid
5649,83,1,0,2,33.71578494914033,0,5.333997479273327,2.8790898233905846,5.315590134474535,4.677768067235785,0,0,0,0,0,1,151,89,293.0482176805991,101.90186318259572,92.32822418748012,128.2755009145378,14.915309351212375,3.212675287805409,1,0,7.246234950171207,0,0,0,0,0,1,XXXConfid
5612,65,1,0,2,29.187863051035464,1,0.5332092737581329,8.759569962573625,6.364301948769383,6.2311431378016415,0,1,0,0,0,0,158,117,292.33781695954536,125.4296297579002,82.86544953129054,295.6822097276434,6.627741502408121,7.52135789162126,1,0,5.193683072384392,1,0,0,0,1,0,XXXConfid
5169,61,0,1,2,28.63041409998381,0,6.779066368030248,5.066955917307596,1.4633952858721222,6.730845865627535,1,0,0,0,0,0,144,113,151.06321343887632,55.38287610628204,97.6833350448888,247.1573031152213,5.813724937748271,0.6662156588280022,0,0,0.1241771700430527,0,1,0,0,1,1,XXXConfid
4886,78,1,0,1,16.853584088126095,0,9.6003176983117,7.902595613198882,6.6288997513964985,7.123507657825934,0,0,1,0,0,0,131,101,212.47246996526508,146.88601533953707,79.99209827228513,97.55502814495392,17.81276866111878,2.5698164492973974,0,0,5.55950112723533,1,1,1,0,1,0,XXXConfid
5109,83,0,0,0,27.63664909955422,0,8.877525260548186,6.835053621860182,0.7765029115762279,9.549016797824988,1,0,0,0,0,0,124,94,276.41216698673134,85.8431266118084,87.77455972273994,399.72969758597225,5.372794090514575,7.391081604927344,0,0,6.516295071190862,0,0,0,0,0,0,XXXConfid
4859,83,1,0,0,29.89175265787035,0,19.45714612340072,6.293358538460085,1.7813292806462189,8.89028049282581,0,0,0,1,0,0,97,61,288.55624733231326,181.21181428798428,60.72750352876569,312.8485197786304,12.76520923913263,3.229809820812638,0,0,0.2119534894129338,0,0,0,0,0,1,XXXConfid
4991,86,1,1,1,28.743777092777897,0,13.462932733303983,9.358457009870737,0.074003485394396,8.569030027103068,0,0,0,0,0,0,165,93,237.40749821628788,118.61864297927798,42.79241638258298,165.24131218194253,19.5958190461956,5.468568798496446,0,0,1.7741836020935986,0,1,0,1,0,0,XXXConfid
5532,67,0,0,3,30.187345518691487,0,9.461523943090462,0.17094285752969,4.1429805631287175,5.573875559885945,0,1,0,0,0,0,133,64,186.5561105244594,150.32237485696243,99.41201719572236,92.19837395919885,26.85964268477221,6.200366099643244,1,0,9.78073907753052,1,0,0,1,0,0,XXXConfid
4807,66,1,0,2,22.311784165629994,0,14.428811284937307,8.030965821537063,1.4349144378627643,9.527302729458018,1,0,0,1,0,0,136,106,192.2121655106883,176.61503092452915,65.93196328765899,204.0153910359108,10.63998610280641,3.648674162045116,0,0,5.216411248235317,1,0,0,0,0,0,XXXConfid
5552,79,1,0,0,31.93471462855315,0,6.39237328828373,8.92598034126491,4.1582008909591295,7.508882333712222,0,0,0,0,1,0,133,118,280.9868913643112,94.6840468346131,60.9478589609005,219.9760647557558,3.272696832533338,4.921476822451581,0,0,8.254852733628995,0,0,1,0,0,0,XXXConfid
5009,88,1,1,1,17.470749424783932,1,19.236553574432243,3.5051577942279666,1.831261879094335,7.925108559420298,0,0,0,0,0,0,137,112,261.05005267246605,87.00797313975293,84.35762133561587,291.940500928416,25.75038122213404,9.37867334408564,0,0,8.066339136746135,0,0,0,1,0,0,XXXConfid
5740,67,1,0,1,25.81756878961191,1,18.026840967678368,6.859666370513507,2.9918685861407,6.870866839265467,0,0,0,0,0,0,171,67,282.2693501139977,150.64026683730464,86.27966961941374,297.2947811593069,29.0404736720634,8.164921445332272,0,0,5.09758522572624,0,1,0,0,0,0,XXXConfid
5437,65,0,3,0,16.670388482184848,0,0.5976751903015431,5.767061655384556,5.70138819432691,7.9481462115190835,0,0,0,0,0,0,155,109,255.28846992905187,100.05339506188766,83.12417893662794,288.10395193070417,10.874697240229564,2.481353965003714,1,0,9.859800093611302,0,0,0,0,0,1,XXXConfid
5339,68,1,1,2,26.870368172138345,0,11.032828861132067,3.1883607201917883,5.93660195986997,4.081171900728666,0,1,0,0,0,1,133,68,192.4215775882198,61.91325185355191,79.8948449791155,91.68382576002712,4.118180295517785,0.8120920235766271,0,0,1.4720522789112012,0,0,0,0,1,1,XXXConfid
5313,90,0,0,2,21.64349931442617,0,1.4483037263172394,6.932591457068335,8.16902122530919,8.774775271697024,0,0,0,0,1,0,141,93,272.432492621748,142.03972642222843,58.31057760479664,241.029110155436,20.796738220567853,3.9675979632855727,0,0,4.64996440640452,0,0,0,0,0,1,XXXConfid
5616,89,1,0,1,37.88769552049991,0,12.617499986853844,3.9306918151116967,5.731788379657049,8.222196610854624,0,0,1,1,0,0,156,115,285.62362432891126,110.19603237128636,87.73529871626141,121.8856045526164,17.439512233028562,8.490364907761704,1,1,9.747875682543093,0,0,0,0,1,1,XXXConfid
4960,90,0,0,0,18.180227045851527,0,16.819259533091532,1.141677172678378,9.095786232368797,9.625827289185676,0,0,0,0,0,0,119,77,212.1212356467716,134.06858427522204,82.66310860467888,356.65412055925,6.164382877293627,1.9572560954570009,0,0,0.2816596841377361,0,0,1,0,0,1,XXXConfid
4898,83,1,0,1,17.08057903435431,0,2.1197435464905023,6.145030221749322,1.7519098059260996,6.267035704189427,1,0,0,0,0,1,146,108,196.115860940364,135.17181026032029,90.77046038751496,229.46406428258803,24.476474520515968,5.760718923520887,1,0,3.0126142063024552,0,0,0,0,0,0,XXXConfid
5591,60,1,0,1,38.40157540258613,0,18.52390408497453,1.626487077276122,1.270711787002008,4.09677283212096,0,0,0,0,0,0,166,107,223.25593403755704,135.6614353022193,86.71983778240349,236.7154607194463,7.876128751436884,8.282615600018303,0,0,3.916236924326368,0,0,0,0,0,0,XXXConfid
5107,64,0,0,2,30.917727744710376,0,15.593466456981966,2.441693436341085,2.658215656046534,7.74310016492944,0,0,0,0,0,0,90,114,270.5702298919015,176.0514379848779,85.62870368791239,127.96491875605444,22.111082657543378,6.665563753887361,1,0,4.465643900359137,0,0,1,0,0,0,XXXConfid
4996,61,0,1,1,39.66864999872227,0,7.627501689223022,4.198819059177018,3.084166405028479,9.688652984263356,1,0,0,0,0,1,120,110,183.24392379357653,82.31668281646256,68.79781730827662,296.3930564544778,18.485111256241204,4.686054219344898,1,0,1.4773863977997015,0,0,0,0,0,1,XXXConfid
5608,89,0,0,0,23.58175114371152,0,1.9392269406322904,1.3224645137965596,8.758692746564094,9.262999358794158,0,0,0,0,0,0,170,71,218.70793950644185,82.85907730331307,95.33489520898142,310.312787087061,27.648573371101584,9.700073456710532,1,0,5.157190048691678,0,1,0,0,1,0,XXXConfid
4829,82,1,3,2,15.9082749697791,0,16.32903099130341,1.9159134356576248,6.607292456262542,6.1461660534426965,0,1,1,0,0,0,90,112,234.27491663823463,76.27097869231658,96.79349199855398,174.7188608474149,21.04223766241225,3.6624611553752175,0,0,4.013722217637229,0,0,1,1,0,1,XXXConfid
5444,62,0,3,2,38.49125749752178,0,2.6381819240573545,1.4527030411639863,6.4689861349554985,8.256949997214502,1,0,0,0,1,0,176,98,268.15397422552667,194.88429717692475,75.71597230389888,379.50268703770655,8.026902681311684,6.425158199153726,0,0,9.604424096850453,1,0,0,0,1,0,XXXConfid
5573,63,1,0,2,21.318756243393302,0,3.41089267855629,9.792069759547314,9.099209524903342,7.584489114091641,0,0,0,1,0,0,150,114,259.7669084088619,197.3136551279784,26.48822305846749,199.34724469289395,25.541350878605,4.776327322146681,0,0,2.826997255525148,0,0,1,1,0,0,XXXConfid
5434,84,1,0,1,30.28141144427265,0,7.411636007826865,0.3711092238929236,4.014142444278464,9.165370489436985,1,0,0,0,0,0,158,93,225.36710466186952,64.33097504313663,32.88646683465935,69.65716627634863,18.116500434734288,4.3579263425238,0,0,4.490738842515331,1,0,1,0,0,1,XXXConfid
5055,69,1,0,0,26.8135451017068,1,11.32798484752625,6.536312403673858,6.922993131404262,8.783685507419438,0,0,0,0,0,0,140,62,253.23577968092007,71.45510497326565,29.086473852779637,161.37283896509513,3.870452536242679,8.58045444309185,1,0,5.045023195251276,0,0,0,0,0,0,XXXConfid
5341,71,0,0,1,21.245158800623404,0,10.662947133327652,1.3272552899716772,4.3972756534635575,9.403381686476967,1,0,0,0,0,0,93,103,207.1173157198168,96.9336672866874,89.00175282675208,167.06405103882162,17.953653763074175,8.454109127564385,0,0,5.874475850663407,1,1,0,0,0,0,XXXConfid
5168,61,1,0,1,27.32981391617286,0,13.05014484585536,2.6036699367578207,6.216966940217207,8.711222228349815,0,0,0,0,0,0,97,71,226.94687991140412,147.21623825876344,88.35188476956033,246.76059499169796,12.065670495825614,3.14761075140661,0,0,1.539952530342911,0,0,0,0,0,1,XXXConfid
5350,79,0,0,1,31.261029019869557,0,10.804724035841089,0.6945991264649898,2.6914510190955845,7.097458901109953,0,0,0,0,0,1,138,64,175.7582396499941,50.48066969372662,21.704602976596632,250.7418392279641,11.782152024695884,8.917266405064959,0,0,6.651153587313319,0,0,0,0,1,0,XXXConfid
5082,84,0,0,0,21.126129616291664,0,14.033285149356916,0.7038740230776519,9.294779155098595,9.73509608579482,0,1,0,0,0,0,163,62,215.04699080040507,82.25501536605515,58.15032164504597,228.6171865497781,0.5544109267581099,5.187134414151441,1,0,1.739984528283659,0,0,0,0,0,1,XXXConfid
5321,67,0,3,1,31.82695332320297,1,18.363964692968437,6.725278481492297,6.511931799751746,5.6031351161602565,1,0,1,0,1,0,96,88,175.06530012688853,102.13060264293136,22.764235012462485,119.88793734719133,4.579589107896647,1.621487548879058,0,0,3.8772625360906976,0,0,0,0,1,1,XXXConfid
5072,83,1,1,1,27.508134389771055,0,9.06198225755628,0.5675461979362839,1.6095245090364174,9.54974682985996,1,1,0,1,0,0,174,104,212.10936452327337,125.23655658665218,69.47267881745742,301.73775687852475,2.149476239981387,2.3478243724589176,0,0,7.516555319756258,1,0,0,0,0,0,XXXConfid
4755,89,0,0,0,20.716973826446807,0,18.45435609061961,6.310460689360432,0.7954975089177474,5.597237677578526,0,0,0,0,0,0,94,117,237.6021836280377,92.8696998816807,56.87430466708379,291.1987801806695,13.517608895586092,6.045038774287464,0,0,0.014691221285652,0,0,1,1,0,0,XXXConfid
5090,88,1,3,2,36.84294039373488,0,6.837612497981207,3.2550515139678304,7.598883477039213,6.530488476825422,1,0,0,1,0,1,134,74,204.7845206497027,142.8303068481494,36.65143609367743,212.831862441392,2.914784387979541,9.646816124849108,0,1,1.089316353514146,0,0,0,0,0,1,XXXConfid
5717,72,0,2,2,32.282174699127275,0,5.0496449591767,2.41459546949228,3.819780733223314,7.78472653287676,0,0,0,0,0,0,136,95,274.23981976091864,66.13506089721274,94.73401160440298,76.17064459109284,8.706578698737511,4.355715570324147,0,0,6.352922093403478,0,0,0,0,1,0,XXXConfid
5574,64,0,2,1,30.353960698497826,0,2.404746131979389,3.968767347924005,3.051862509087916,8.281038299907012,1,0,0,0,0,0,137,116,284.86906632424075,56.96863342989684,23.09135413468578,133.78927583466918,13.286116545809456,4.887154856142325,1,0,1.7404451705021895,1,0,1,0,1,1,XXXConfid
5665,70,0,3,2,33.00015287539136,1,12.947821466899338,1.4604485918509968,2.97805217255057,7.3244757591674015,0,0,0,1,0,0,133,114,289.8907315098761,105.10222040078304,89.77828982708846,160.72068229763866,0.4435312884304543,1.3242879595157964,0,0,9.894221060323282,0,0,0,0,0,0,XXXConfid
4976,76,1,0,1,27.86539163579045,1,10.671003241734002,8.017559021263565,8.282861860435375,9.135238617958038,1,1,0,0,0,0,99,111,260.4049157425181,167.49056575947802,66.67419217246245,395.4295146934944,3.0052481572292047,3.384758691833944,0,0,0.2108413255037711,0,1,0,0,1,1,XXXConfid
5558,79,1,2,1,25.091602265156684,0,4.580255292688293,8.475805418335488,2.09433663347687,5.685428397588,0,0,0,1,0,0,129,65,297.59454186295534,175.81176722545644,99.77030815803808,207.2986559612037,19.24161437321332,9.731007416870094,1,0,9.501104030475036,0,0,0,0,1,0,XXXConfid
4936,69,0,0,1,35.28892179392558,0,12.47389178931434,4.293537665206411,9.733991307292031,6.780675413513996,1,1,0,0,0,0,142,91,193.43318752102076,148.96423615552496,70.57842301361097,223.70260942130383,5.677768317907384,3.6725213184352663,1,1,3.9165213185919434,0,0,1,1,0,1,XXXConfid
4816,90,1,1,1,28.19109697255549,0,10.45477362783194,1.3535218317106013,4.2315190884380485,5.208673801001327,0,0,0,0,0,0,90,86,261.1368448166798,159.7113679282008,86.2559496461119,381.82028050446985,11.23537065932257,8.104205667002496,0,1,3.2315433875568536,0,0,0,1,0,1,XXXConfid
4905,77,1,0,1,17.397549220323974,0,13.72046617798585,5.621272925674869,8.114532984561473,4.66453901445278,0,0,0,0,0,0,144,104,216.59672457565324,78.98501931354974,86.54053159228386,162.73488638779423,28.619630972014065,0.4880601226000902,0,0,5.736978859880423,1,0,0,1,1,0,XXXConfid
5189,87,1,0,1,37.50438542456771,1,16.765504255992106,3.346280501521175,0.1948309712858398,7.04756424925314,0,0,0,0,1,0,144,69,232.2956991991951,106.36872506662534,76.8856913043303,103.46949271979304,11.40388362813644,1.6446726858931338,1,0,5.343784549284373,0,0,0,0,0,1,XXXConfid
4945,60,0,0,0,36.3688912566036,0,14.237706359643528,9.947909587222547,3.586004626484194,5.520566093053901,0,0,0,0,0,0,149,65,278.4301977674514,96.40824484312148,76.36352499475436,269.15393023825425,23.70858448061374,1.7981949716790402,0,0,0.7634526515853812,0,0,0,0,1,1,XXXConfid
5605,71,0,1,1,39.344406953420616,0,17.547634803281234,3.453156122762988,6.707847192417318,4.613364495631068,0,0,0,0,0,0,106,86,289.6312936817134,91.09165391976792,43.03429920271594,98.98929046366317,8.840285835387911,3.3158542192839646,0,0,7.036427908550444,0,0,0,1,0,0,XXXConfid
5367,82,0,0,3,35.15940492052864,1,13.073816794443154,1.1582514829807689,6.029767010639708,9.57793027477181,1,0,0,0,0,0,148,64,214.83930200123703,158.51128935471374,57.44147307368405,50.77533974588722,8.85640681708379,6.656008031175993,0,0,1.2531568792020142,0,0,0,0,1,0,XXXConfid
5504,82,1,0,0,15.602047405636553,0,1.2255831786336937,8.385442691752893,7.378427192377424,6.50264922713834,0,0,0,0,0,0,174,97,289.74379958519114,188.62308481200463,59.01452521587129,213.99253345608892,11.846065664148664,6.745014631346046,0,0,5.475619009083989,0,1,0,0,0,0,XXXConfid
4828,90,1,2,2,21.28859319810039,0,3.3750238784968656,9.27779433364166,2.6130996947954053,8.900769320649765,1,0,0,0,0,0,169,76,223.4967590459344,139.73371687165326,30.96244767976992,192.6599426804045,24.581973467402804,7.278260691417512,1,0,4.859682448994632,1,1,0,1,1,0,XXXConfid
4802,72,1,3,1,37.75222567854867,1,13.658963678566096,1.2300840683913516,3.591935440789836,8.232079223157985,0,0,0,1,0,0,145,92,252.92330723113767,175.57747609265624,54.49802654912634,337.8955641647924,14.551215764764889,6.872970627357818,0,0,5.5456690316644375,0,0,1,0,0,0,XXXConfid
5116,73,0,3,3,18.24820611140709,0,11.1372301291684,5.606439183771638,7.927682082559857,7.812387723220585,1,1,0,0,0,0,99,91,150.21264987624505,119.25110129509224,83.99780907055728,122.32432113191406,20.383061337154352,0.4824838233894646,0,0,0.6984382424216096,1,0,0,0,0,1,XXXConfid
5268,88,1,0,0,18.41068801765176,1,3.4154759342535024,4.384868949472216,8.386669649792518,4.632581757081796,1,0,0,0,0,0,156,73,153.04869786015706,187.5263926553751,62.84231149736023,280.0398957045892,18.85210963639899,0.7780740174788425,0,0,0.4728722103384575,0,0,1,1,0,1,XXXConfid
5046,65,0,1,1,25.84003553903173,0,7.314437872373527,6.933434928861473,6.281151843162061,8.97073199724757,0,1,1,0,0,0,106,104,240.7734013678409,93.98749443716628,59.19575325096502,351.40665891038003,27.688386155613195,7.322431662883007,0,0,4.776381198096601,0,0,0,0,0,0,XXXConfid
4958,86,1,1,2,27.764649514133453,1,13.843982527440872,6.411627158121459,2.091097145751586,9.292146954407432,0,0,0,0,0,0,130,62,268.33283158116274,87.88933368516439,27.02811211538761,140.24467345109048,11.167594767311954,8.508945146231785,0,1,6.598480167885718,0,0,1,1,0,0,XXXConfid
4791,79,1,1,1,33.63310068080848,0,9.866852151391326,3.613763602608011,8.336580009513547,4.938170630340368,0,0,0,0,0,0,158,96,216.81675133681009,55.82071509552271,34.69420530431972,72.34908844986222,19.64558452840872,5.746548735774875,0,0,7.253777074877607,0,0,0,0,1,0,XXXConfid
5402,64,0,2,1,28.59805653622105,1,5.552951430053524,7.014252836618557,8.699079403822322,4.783858559370161,0,0,0,0,1,0,114,79,295.616615876064,94.61395451606832,25.41813496665163,378.05373484293153,13.924037950101336,2.01092339075297,0,0,4.714836747568635,0,1,0,0,0,1,XXXConfid
5089,74,1,0,0,26.57502593703857,0,16.907981841866814,4.595490618420458,3.797780597678893,9.782373183427056,0,0,0,1,0,1,158,101,237.1682913631996,121.07061300346231,53.5803386652253,265.69889462250694,10.881652738763892,2.469440720854812,0,0,6.513559585543067,0,0,0,0,0,0,XXXConfid
5484,86,1,0,1,36.8377568449433,0,11.4398006758664,4.138221052139165,6.479141771574105,6.035017988065426,0,1,0,0,0,0,93,105,250.04562455376876,161.86613841278583,72.38113420479722,290.99568759228123,22.52186530711765,4.621312118540689,0,0,8.35075818145082,0,0,0,0,1,0,XXXConfid
5100,81,0,0,3,29.260096200735973,0,5.804851525819245,9.84315689806363,2.619197845458946,6.499606007408236,0,0,0,0,0,0,162,107,187.3764179281663,152.16786090811345,51.06558400409494,113.3863778461488,5.417738089791232,3.5887484751946817,0,0,0.3536838871269621,0,0,1,1,0,1,XXXConfid
5317,84,1,2,0,29.878653020182387,0,18.74806697785919,3.8903609981543017,6.191843160681522,8.12891777622536,0,1,0,0,1,0,101,101,231.90809223787568,110.07737047947096,80.75870864395496,215.98175875495,10.716344397244724,9.81172368308475,1,0,7.397358435874263,0,0,0,0,0,0,XXXConfid
5178,71,1,0,0,37.464342184311015,0,16.146045582098118,2.873663531396748,5.812415359259758,8.634537514233624,0,0,0,1,0,1,107,79,162.40732780287652,66.54474941675187,68.87360443629132,133.0243730533511,3.3949957992363053,8.018873498024298,0,0,8.32600402203781,1,0,0,0,0,0,XXXConfid
5388,60,0,1,0,22.712569006598116,0,2.373580807150133,1.7801835477933805,2.657988852338504,6.531839587562999,0,0,0,0,0,0,111,106,151.72151722489514,185.61756033433943,90.59451087697072,362.66040168642274,18.13867739584008,5.933422515634699,0,0,8.623485072790334,0,0,0,0,1,0,XXXConfid
4796,68,1,0,1,26.804163783794337,0,19.688744302145626,1.2251824258166388,7.69909381443262,6.715982191312737,1,1,0,0,0,0,102,63,277.1209579437796,120.09170631493522,88.3268383648198,213.989224690648,17.96343514247208,0.000459593595804,0,0,0.2758867545038235,0,0,0,1,0,1,XXXConfid
5340,72,0,2,0,18.518509096235743,0,17.676561200634854,7.295458128366091,5.25348079377485,6.720085870065448,0,0,1,0,0,0,146,99,202.38412009304608,76.23665164933232,70.30923844256179,77.04631136116667,1.59656663353134,0.6238678153392885,0,0,9.461573668774191,0,0,0,0,0,0,XXXConfid
5635,87,0,0,1,26.420234304302397,1,1.6115607500765503,5.365965742242547,2.5310013216826177,9.7934830664314,0,0,0,0,0,0,146,103,177.66432715316117,107.32570748928248,88.30253675804568,200.04583108439687,1.459188150426668,7.463528733264741,0,0,2.67147654320342,0,0,0,0,0,0,XXXConfid
5500,74,1,1,3,15.014659194933325,1,11.647817747701092,1.3807517614568043,9.505110754333698,7.106935260005499,1,0,0,1,0,0,178,103,279.96799820335275,72.82524542377661,33.953173030552605,322.4040177956701,3.259244190278835,5.977907655605092,0,1,5.7604551163317,1,1,0,1,1,0,XXXConfid
4963,72,0,3,3,26.30426305135467,0,16.084457117643087,6.900270614559264,4.3652621356425385,4.248308694480487,1,0,0,0,0,0,132,85,229.4746403503901,135.77983557071872,89.28097884849323,277.32335229634697,24.202889797228067,0.98371627621629,0,0,5.737357564844535,0,0,0,0,0,0,XXXConfid
4847,64,0,0,2,27.16284609940701,1,14.347898339739132,2.519586929288696,6.073423271250684,5.196521038997499,0,0,0,0,0,0,106,75,251.0274714708215,167.37928307232426,50.23117688106211,171.5392181453887,9.19842310648889,7.361331359879758,1,0,9.184213702086351,1,0,0,0,0,0,XXXConfid
5460,62,0,1,1,28.20441801791292,0,10.645084469838611,6.876926119827312,3.956355165982456,9.300056810211558,1,0,0,0,0,0,114,60,293.4534356969191,142.68350264485272,58.78474981880736,117.95004995239478,26.83709643451538,3.1225540111008963,1,0,4.801801756825597,1,0,0,0,1,0,XXXConfid
5727,60,0,1,1,38.63667912563096,0,15.60257217841082,4.1189064230079815,4.621664013017548,6.317163177623003,0,1,1,1,0,0,178,61,237.61518433384143,194.84011023518784,56.77279663110163,309.6200051078529,0.7928923960232037,6.405195750607929,0,0,3.852631191043013,1,0,0,0,0,0,XXXConfid
4949,76,1,1,2,18.093532468486977,0,3.882133232305343,2.0415893269447905,1.4219003043402922,8.542214506190096,0,1,0,0,0,0,165,97,195.58777772324555,103.0284495691586,29.56673528748028,208.51295104885384,9.2566833298028,3.1110555241662583,0,0,5.886228306449148,0,0,0,0,0,0,XXXConfid
5698,75,1,1,1,28.14554106112066,0,14.687081303544712,9.362816036785777,6.89195570492581,4.2378872052258885,0,1,0,1,0,0,138,99,177.51930711050028,57.71849801779314,54.90224515219671,183.75203421510028,1.338835881522381,9.562562427832155,1,0,2.540360629288163,0,0,0,0,1,1,XXXConfid
5527,69,1,0,2,24.03240015310092,0,15.21373907231242,2.6594761712924098,7.481825475170861,7.159846122252904,0,0,0,0,0,0,98,116,237.87340562206012,192.1119177517585,59.23556159313246,306.2181345136505,18.49056806385897,2.27399579599763,0,0,7.805996285790818,0,0,0,0,0,0,XXXConfid
5266,71,0,0,0,20.65088542221331,0,7.051122536309629,8.221333076331804,8.121182255164864,6.6284770111762885,0,0,0,0,0,0,159,98,256.21947731393027,177.10109906782748,64.78285319759098,315.273268839507,4.063212131122444,2.5136493176151484,0,1,6.462173054632299,0,1,0,0,0,1,XXXConfid
5668,68,1,1,1,18.765744900123124,0,16.88787854272892,7.388559374355905,2.747004732063305,7.909007191008074,0,1,0,1,0,1,178,101,272.1606779885496,56.2543395762998,82.49462123098466,54.925879691975474,2.5163485382532977,2.418483864589378,0,0,2.734100674190568,1,1,0,0,0,1,XXXConfid
4850,81,1,0,1,15.10871500081569,0,9.855489373267504,3.754985345846751,1.9921914899336977,9.80045673362478,0,0,1,0,0,0,137,71,266.7828152332651,124.3285635742908,77.90387307707519,196.94093618231236,20.214376098093297,6.624023626308258,0,0,3.5416288330459853,1,0,0,0,1,0,XXXConfid
5203,60,1,3,2,24.33216970868441,0,13.81382148943378,9.551024421831457,9.476242180033744,4.149048635423079,1,1,0,0,0,0,172,66,172.44021317795728,51.36955840873103,38.33797194382007,354.1523519276584,20.05209353636576,0.9740610088180368,0,1,9.425958480606974,0,0,0,0,0,1,XXXConfid
4772,65,0,1,2,37.543943165696646,1,12.063959313182217,9.12603821752063,3.5312068468822524,9.574004794993964,0,0,0,0,0,0,178,89,210.15051832284004,94.12843563635644,68.19563334929448,364.1496872647215,0.4113157857725857,2.747483550024912,0,0,3.001113535909161,0,0,0,1,0,0,XXXConfid
4988,76,0,0,2,25.04135676936539,0,3.050724055843115,2.8327944238897294,7.883691668708456,8.060909856408799,1,0,0,0,0,0,177,104,263.63857465035744,126.11884640477356,72.98782349159988,165.55529976254238,23.171517620070663,2.886585409336644,0,0,5.758811192211631,0,1,0,0,0,0,XXXConfid
4813,80,1,0,3,26.316130552428863,0,15.317051174888686,2.3085665528289026,9.088062766580776,4.074438546518098,1,1,0,0,0,0,156,112,290.8384211017682,130.47145370578363,36.00305578917265,201.8287212293045,0.6192263257900443,7.588086825793749,0,1,7.826448807499044,1,0,0,0,0,0,XXXConfid
5489,65,0,3,1,20.46461901146145,0,17.89536757374378,6.746755604527311,6.161499264469763,4.415740416356327,1,0,0,0,0,0,98,93,272.2745796863311,68.99660393119082,79.77164608653062,172.97789190323897,2.6053916651222675,7.702865194975496,0,0,4.680899357804962,1,1,0,0,1,0,XXXConfid
5318,60,0,2,3,29.138579212560025,0,14.798546830173764,1.632034199355653,1.0825798944993226,8.868287562258244,0,0,0,1,0,0,154,70,168.50249912244132,102.40683914798716,34.94250188943116,74.15107293557426,27.644161035923403,1.54593111090487,1,0,3.66091231574343,1,0,0,0,0,0,XXXConfid
5031,83,1,0,1,39.15624323789184,1,5.402902817204778,2.999611702060778,8.01262166222372,8.588591135433987,0,0,1,0,0,0,138,111,172.7763425549789,182.79919130978573,39.58699212396085,131.4627216026836,2.623626863954632,7.819612044260222,0,0,8.065589625236386,1,0,0,1,0,0,XXXConfid
5070,76,1,0,0,33.59826625628237,0,5.28443646224699,9.47672330229334,2.873510603693765,6.415072828738079,0,0,0,0,0,0,148,101,165.12034803996275,88.53948642053314,83.89583641813232,93.27903820190416,7.669429960726005,2.3919143840009296,0,0,0.9050490805694688,1,0,0,0,0,1,XXXConfid
5071,72,0,0,0,26.235926269221736,0,18.851419815796604,6.153825769735927,4.477992058657488,5.500580095077644,1,0,0,0,0,0,140,80,191.4008709156274,118.71696706865455,39.21704739633032,216.87785219821205,24.02266127328044,1.310683244993209,0,0,5.59216047736805,0,0,0,0,0,0,XXXConfid
5159,87,1,1,3,39.24841947283985,0,3.032025629843411,7.367321490777211,1.3756375760759745,8.981782671211937,0,0,0,1,0,0,119,91,258.78258546124835,53.931945288438165,66.8273546154334,241.9064147057217,9.916182172856988,5.0249904959755085,1,0,2.304705925719739,0,0,1,1,0,1,XXXConfid
4836,71,1,0,2,22.619512766357357,0,5.436570317962268,4.01212556522886,1.4422160136430984,7.040055328491915,1,1,0,0,0,0,125,116,203.410902367891,124.1681474742998,73.76658159716754,208.4309400298933,25.38234955301588,4.980645022434577,0,0,5.601810252739663,0,0,0,0,0,0,XXXConfid
5387,69,1,1,1,36.62949036313123,0,16.99768781681225,5.134920993574552,9.035070993495356,8.834460802724735,0,0,0,1,0,1,121,79,156.59917575278445,73.03779301067459,99.1801112695593,173.8754496626795,23.97304889814715,2.344932285675234,0,0,0.3461251440768731,0,1,0,0,0,1,XXXConfid
5267,84,0,2,1,36.30507164646246,1,7.033970220710176,1.5559329630160446,3.1716846207483105,7.837269077707999,0,0,0,1,0,1,122,77,292.45733235971494,61.17987882894511,39.4342419613137,313.05278629764274,24.453359001205406,2.9652107487045853,0,1,5.558602811175662,1,0,0,0,0,0,XXXConfid
5015,81,0,1,0,22.923111108363308,0,9.314832022172745,8.917377808332661,3.807813179139379,9.241848798235884,0,0,0,0,0,0,159,109,283.12850191766177,143.46015452389804,51.58641266813092,365.5049309878605,1.1118445780858155,4.594907015621112,0,1,8.681800761656863,0,0,0,0,0,1,XXXConfid
4919,71,1,0,0,27.8307758471902,0,13.840064974020423,3.598203487321454,9.092869411310406,8.015484154109947,0,0,0,1,0,0,126,72,225.23494322711883,86.93625921634761,78.24937545131348,147.233922986298,10.758947442476089,4.7145710233312,0,0,0.9228967210211858,0,0,0,0,0,1,XXXConfid
4935,82,0,3,2,15.031271340942569,0,7.792302600955794,7.8698497364470175,0.1072263090111635,7.819307143757181,0,1,0,0,0,0,134,77,244.5605635396124,136.15892918908986,79.3338257052585,352.064704945503,20.000243480017048,9.148802553528808,1,1,9.699319826374664,0,0,0,0,0,1,XXXConfid
5193,81,1,0,1,27.766345959188413,0,19.21094322017897,4.736258814908495,7.893624851237967,9.146351510394162,0,0,0,0,0,0,161,109,177.42930843526543,131.71273287852625,30.692777397036476,118.0120060595991,15.5823222450003,9.536252999025267,0,0,3.622399323106567,0,1,0,0,1,0,XXXConfid
4866,63,1,0,1,22.924641746317224,1,15.217973014043888,9.208989543673948,2.277149975635938,8.974868275069232,0,0,0,0,0,1,172,114,180.46496451732003,89.27368905869047,77.68938666235047,279.9927158326692,2.7819625740977925,4.769956302606727,0,0,0.3532802058984652,1,0,1,0,0,1,XXXConfid
5123,67,0,0,0,27.359740834855423,0,14.548892386755243,2.831908386666778,0.7105416428981459,7.601085348767617,0,0,0,0,0,0,132,106,247.51224851377637,94.10912868991014,99.45984347035127,379.8651208214197,14.677120185910386,6.05774853267474,0,0,4.165084871672597,0,0,0,0,0,0,XXXConfid
4942,75,1,3,2,18.755428590199497,1,8.523478616041661,1.9279214769659612,0.1445431616305958,7.694271779072983,0,0,0,0,0,1,106,61,151.70460566244242,74.21427196981256,39.16817048038587,350.63498363935935,11.96720561291848,0.9214827622178856,0,1,6.125917513218032,1,0,1,0,0,1,XXXConfid
5447,64,1,3,0,34.80093414294668,1,3.315612527270886,3.822794354971696,9.7218961891299,8.680479391602383,1,0,0,1,0,0,127,87,294.639358315235,113.97503340281985,32.67969567324532,274.8718236819653,3.903172280863089,8.679663390415763,0,0,6.135119752458884,0,0,0,0,0,0,XXXConfid
5435,64,1,0,2,37.844931735684455,0,3.2068941977042065,4.618535052894664,0.7175923431099507,9.251362079039954,1,0,0,0,0,0,128,72,212.55902743349137,119.39581815870936,72.03154947995532,308.00673197998515,8.630100687374716,7.922538772050739,1,0,8.400551156807762,0,0,0,0,1,0,XXXConfid
5742,81,1,1,0,18.532037801232903,0,16.99566025914546,2.381006640332905,4.418764734762184,4.45750932141976,0,0,0,1,0,0,101,107,274.1752215950753,78.39963572222213,26.18403496428458,135.49254952656824,9.478672769910457,1.3620788574204357,1,1,4.526962681044417,1,0,0,0,0,1,XXXConfid
5209,75,0,0,1,28.905839527065883,1,12.821991214495824,9.759968656792504,0.9820972261790284,8.293660800124966,1,1,0,0,0,0,179,104,267.7300042950544,80.59905035560926,35.666117000372935,223.16208783405568,16.97200393132913,3.708425813585184,0,0,2.95678185845944,0,0,0,0,1,1,XXXConfid
5351,73,0,0,1,31.277427822876646,1,10.545065212933109,5.205133055887712,9.628501184470784,5.435717945373916,0,0,0,0,0,0,113,91,188.82200271586896,175.98347744442566,78.4427822958676,278.66176804971167,0.5203830594054482,1.3523554651043712,1,0,2.7845965831544826,0,0,0,0,0,1,XXXConfid
5151,74,1,1,2,16.069663702321648,0,17.909698403845407,5.997183217017613,3.234851018384353,8.631939303895287,0,1,0,1,0,0,100,67,152.7022318433869,171.58831399918807,52.118961699996746,344.6980546406325,16.75092273319628,6.847368585728964,0,0,9.32445807314759,0,1,0,0,0,0,XXXConfid
5047,73,1,2,3,34.8585279087243,0,2.291407402806882,3.2419155201804597,4.739587022215907,6.906940984878458,0,0,0,0,0,0,169,108,176.1238272764051,57.43296493665552,94.63358477462184,192.0244681298241,13.708636717250734,9.62644184135909,0,0,5.278024105827014,0,0,0,0,0,0,XXXConfid
4993,85,1,1,2,26.65465958106049,0,1.607404086079871,4.023315614626435,7.266543119513992,8.919390090288452,1,0,0,0,0,0,127,87,256.0385762154738,124.9310868100794,93.1695664941987,317.1768395894372,26.44253085850064,4.606049588488221,0,0,9.89262967921545,0,0,0,0,1,0,XXXConfid
5576,66,1,0,1,24.83720800091465,1,1.4692620111628596,3.482389359232705,0.8938317587240996,9.100618035176833,0,0,0,1,0,0,179,101,267.56728035168584,57.54225138235528,82.6193508055157,88.31152841619627,23.215901233771916,5.098708998113449,0,0,6.547279593265284,1,0,0,0,0,0,XXXConfid
4948,68,1,0,2,33.016448227412226,0,19.650082385821797,9.095152050338456,3.297929314133532,4.45742816322351,0,0,0,0,0,0,92,91,235.2607467985056,192.31769381021107,92.5423474155335,92.4265731328448,23.15888064395245,2.1742029231794446,0,1,5.648074217577181,0,0,0,0,0,1,XXXConfid
5356,68,0,0,1,34.064186774265224,1,0.2500044092202635,1.5850867770893562,3.5193225233107386,6.607805316563267,0,0,0,0,1,0,157,113,161.61238733570804,135.2603804546631,28.486208086381183,132.40228093879597,27.010072542078973,5.31456567841487,1,1,5.232520630055521,0,0,0,0,1,0,XXXConfid
4868,60,0,0,0,33.1124956532412,0,0.7224703481258854,4.382984750285274,1.612894746741087,5.009484294214631,1,0,0,0,1,0,129,107,279.6537551405323,173.13763632395597,70.45611883649028,337.47884468907966,5.50783200387616,2.8766708105698404,0,0,1.8220838547621745,0,0,0,0,0,1,XXXConfid
5467,70,1,0,1,38.58518146672395,0,14.410953553264385,3.0332363747323376,1.0697932379722308,4.389160424013199,0,0,0,0,0,0,92,61,229.099405269242,176.4915975957925,69.25929014607055,350.59377791315075,5.667699462441716,7.5543244556456255,0,0,7.467358091693193,0,0,0,0,1,0,XXXConfid
5230,83,0,0,2,32.9080270933142,1,1.7543018557168444,0.7099625044784375,8.589420308186444,9.492066107954033,0,0,0,0,0,0,129,100,295.9936825832297,188.49516307912316,85.42199407883302,178.9216170809413,20.00125766565261,2.0491799043714645,1,0,0.266208355260753,1,0,0,0,0,1,XXXConfid
5099,83,0,0,0,36.57121063937469,0,6.597079783559896,3.951137093933745,4.480990400711703,6.300438985687809,1,0,0,0,0,1,178,111,276.23128289579154,93.31605450024112,25.835368224146094,76.01931521266545,21.66677073007979,1.9468275151705583,0,0,3.416393347238645,0,0,1,0,0,1,XXXConfid
4915,70,1,3,2,20.18559756769313,0,15.283926608128349,3.6543451787474535,0.5595805354872396,9.775853852634375,0,0,0,1,0,0,146,66,193.37119634246773,90.02505227902175,24.43651279399723,218.85062987453796,29.14633969481036,9.161333897055524,0,0,6.067723406694055,0,0,0,0,0,0,XXXConfid
5594,88,1,0,0,36.99569263759394,0,11.76531980650866,1.6837140128552053,4.272914766109832,4.83981174610696,0,0,1,0,0,0,131,75,211.37788477282788,113.79414629050598,45.76072447069439,276.804450919648,4.813041600740236,8.623333349090498,0,0,7.795510716719647,0,0,0,0,0,0,XXXConfid
5336,69,1,0,1,33.68977159945215,1,6.7766361350549005,3.3009563901952985,3.7755011064693154,6.978128016125959,0,0,0,0,0,0,149,80,231.6917176992513,169.99551798515105,58.58483665959725,77.26569932565738,2.313023074742795,2.9520196027747936,0,0,9.017739554351635,0,0,1,0,1,0,XXXConfid
4752,89,0,0,0,26.82768119159602,0,4.542523817722191,7.619884540163032,0.5187671386507053,7.151292743051223,0,0,0,0,0,0,115,64,231.16259501016503,193.4079955157258,79.02847731570753,294.63090921495643,20.61326730888292,7.118695504189474,0,0,2.5924241326736475,0,0,0,0,1,0,XXXConfid
5592,74,0,1,2,35.57139183807088,0,3.1084682313048373,3.0129048693258764,6.605002076040407,4.652771252150604,0,0,0,0,0,0,166,93,196.3652450267498,66.98365924234477,60.00600947092791,95.09497170605924,7.526364042452776,2.437977005969547,1,1,6.374903361920461,0,0,0,0,0,1,XXXConfid
5714,89,0,0,2,26.46129954386825,0,7.848116761013335,4.801356811511221,1.4835060115719323,6.238171767520544,0,0,0,1,0,0,159,63,157.80565235720118,101.63832795025196,53.22610346775886,267.8157626006872,7.109973860538977,4.170526842405024,0,0,3.2847640110445453,0,0,0,1,0,1,XXXConfid
5588,68,1,0,2,23.748673164430272,0,6.603467260961768,2.610247273390428,1.555613108037276,7.401958300845171,0,0,0,1,0,1,95,117,241.178013587441,115.76000149235368,89.30001765493101,91.02961039162936,22.0575030474495,8.52264194835221,0,0,1.672422656328317,0,0,0,0,0,0,XXXConfid
4877,64,0,0,2,29.811658619283072,0,13.22458957240599,8.38278544844905,1.560659707437435,6.279817322373436,1,0,0,0,0,0,108,62,273.7059254675671,110.60641455528682,60.56723801982741,290.6907429198836,27.353680845072716,9.624123138111996,0,0,7.4747654201769,0,0,1,0,0,0,XXXConfid
5054,61,0,0,1,33.64283855236398,0,11.493383913373249,6.793268857234529,6.405131844033759,9.082515777542955,0,0,0,0,0,0,141,82,229.61584224340865,146.24532302138232,93.92343823844011,260.9034892303998,12.156484914609727,9.820369883514354,0,0,5.33623059669835,0,1,1,0,0,0,XXXConfid
4805,80,0,0,0,28.1691347365741,0,4.994094573092179,8.194583994364073,4.427581351816205,8.55407083958628,1,0,0,0,0,0,127,113,285.2338162571798,141.52970003336765,34.51402845949514,199.54125651945984,29.926298769548872,1.1883080636672627,0,1,6.773003915906633,1,0,0,0,0,0,XXXConfid
5103,76,1,1,1,18.94441706954349,0,19.63600214805571,5.508921435309757,4.886145082032559,9.147818196222785,0,0,0,0,0,0,93,92,258.9490435107596,138.83065100137804,85.0799995788603,398.097292611551,21.152451956606992,5.754813760316736,1,1,9.945036380466634,0,0,0,0,0,1,XXXConfid
5512,86,0,0,1,21.90020453858225,1,0.8615880215434313,2.349265008617558,1.6721895498251715,8.957111432949628,0,0,0,0,0,0,97,88,198.5846286672153,54.68817434571302,35.00466006267917,395.20489158021456,25.659106080387712,7.417715056889715,0,0,4.587075552508088,0,0,0,0,1,0,XXXConfid
5397,88,0,1,1,27.315415996004823,1,15.74526841677187,8.762473318548686,7.996690095040221,7.238501023080261,0,0,0,1,0,0,128,61,199.87129493238405,158.66715109976016,90.6058977191188,194.75437106542947,1.0731396563637086,9.282715298090066,0,0,6.970268296080759,1,0,0,0,1,0,XXXConfid
5433,62,0,2,1,32.85177693114479,0,1.9974958083473693,8.107130707040117,5.914796695686829,4.385305863354552,0,0,0,0,0,0,177,72,185.3739961356064,173.5406933296038,78.82310620156858,139.610122971135,24.9008896632698,8.555102039848313,0,0,6.8079908164928105,1,0,0,0,0,0,XXXConfid
5302,75,0,0,0,32.17007034679207,1,19.484126903419345,2.283416150161257,2.9157469887265144,9.816984018247108,0,0,0,1,0,0,116,110,193.4963018948331,117.5187571919879,89.28513734858635,369.5861574015012,18.375642130967865,5.164969674897649,0,0,5.321709548571655,0,0,1,0,1,0,XXXConfid
4893,82,0,1,2,35.02768690192421,0,19.67955058131253,7.734304947746926,8.571591763187335,9.370081092313136,1,1,0,0,0,0,101,109,247.22463635534703,129.54769852887912,96.27099476005051,225.82029581665168,23.710398939840864,4.056961488406904,0,0,7.330651147575219,0,0,0,0,0,0,XXXConfid
5270,63,0,0,0,16.54082603405461,1,3.197655270643669,7.713665728928921,2.4951991851836794,8.802267520239772,0,1,0,0,0,0,160,88,224.2126532900543,120.6186498836332,42.08341965922347,121.9459335330666,28.08929650311617,1.024219495007922,0,0,9.163722180316986,1,0,0,0,0,0,XXXConfid
5454,76,1,0,2,17.811506369159947,0,8.435057972581806,5.632995644109688,4.604706888232291,8.910986216877815,0,0,0,0,0,0,177,104,202.8646316033345,131.10571710916588,60.365624871308384,372.3532148431469,19.87786449772557,9.927945260027665,1,0,0.7954801474417794,0,0,0,0,0,1,XXXConfid
5593,63,1,1,2,33.82810556342382,0,13.721930784023233,8.62856832441786,1.8055863207762424,8.971746871837702,0,0,0,0,0,0,93,69,268.2296689342452,196.20818939396383,26.1084554822544,115.6004022257274,5.827099046080072,3.546436645264622,0,0,3.2038976941206654,0,0,0,0,0,0,XXXConfid
5278,76,1,2,3,22.83919831422125,0,19.198755666764622,2.142998253225569,8.295257641052615,6.205329529121231,0,0,0,0,0,0,108,66,154.65974048831706,189.4409382915781,30.139041561268563,57.73328261123097,17.047939990734136,0.1067711780836133,0,0,9.289822408848073,0,0,0,1,0,0,XXXConfid
5110,61,0,0,2,37.75195435901325,1,12.305679652010994,3.347418807498468,1.792783335548448,5.1236526518437895,0,1,0,0,0,0,126,115,216.63786143763548,62.54019108870689,75.45865003244216,352.6118230934154,18.03092206657375,0.1235968536955123,1,0,9.51799222112854,1,0,0,0,0,1,XXXConfid
5108,78,0,0,2,21.71750159377724,0,16.541143759083198,9.854842888522848,1.067105479476261,4.26688515952086,0,0,0,0,0,1,160,77,247.5638498167757,160.7938031516444,24.89519217940004,297.81289310350456,25.687573346191453,0.2911591975497907,0,0,5.294014449680544,1,0,0,0,1,0,XXXConfid
4769,72,0,0,2,37.93246902566973,0,9.385602765284368,7.127939893468465,3.3149826638192077,6.790196088361632,0,0,0,1,0,0,132,107,214.9084055341044,132.1273691337255,20.887996233421724,192.76077931992407,15.54470579280538,5.189535531063215,0,0,7.498113889775122,0,0,0,0,1,0,XXXConfid
5227,74,0,3,2,21.14812418948792,1,7.4844447356105555,0.1665815046469398,5.966972925750447,4.565363047007998,1,0,0,0,0,0,172,94,226.54350999744327,134.9888219314076,56.84066024611197,92.26875533867047,6.375259377458745,5.317653978434028,1,0,6.755856025480051,0,0,0,0,0,0,XXXConfid
5647,64,1,0,1,35.69348165773876,1,16.667147354837986,3.121437826430821,7.8086021426320755,7.014581256824542,1,0,1,0,1,0,144,61,276.9980210215616,85.25470109287261,28.80461229823756,109.75755091669387,20.579181020179853,6.718784380450703,0,0,0.1156796944714055,1,0,1,0,0,0,XXXConfid
5332,79,0,0,1,18.758686698172625,0,13.306974337700472,9.117282838186458,7.200436151202688,6.94291610042023,1,0,0,0,0,0,118,117,191.51222419379243,121.7973977399892,75.63098751700963,273.0734684683484,15.408736990293107,0.1444515117257427,0,0,7.709012603839556,1,0,0,1,0,0,XXXConfid
5155,68,0,0,0,19.13466675703113,0,4.29356064871487,2.289489171291854,5.7889614223346575,6.7237952036115205,0,1,0,0,0,0,150,103,287.36887144413856,117.7878027999229,30.09422955738493,73.38413415947895,16.12643338728627,6.331258866334606,0,0,5.5895991356881005,1,0,0,0,0,0,XXXConfid
5003,79,0,2,1,26.79803137049988,0,6.008986485353953,1.4983162080849977,0.1398620561794006,4.367016439594103,0,0,0,0,0,0,156,112,181.69209960446491,56.99049380543113,39.06235811657319,72.82204463016222,5.200256178209802,6.46269418041494,0,0,1.1708710650152887,1,0,0,0,1,0,XXXConfid
5271,78,1,3,1,31.93958076651312,0,5.708742494334233,6.586231598564537,8.07094950663851,6.524972479624314,0,0,0,1,0,0,123,94,213.6162656077448,150.61384030320022,72.48534217774878,370.9209949232482,10.9054657445247,8.863077570732766,1,0,1.98282114524007,0,0,0,0,0,1,XXXConfid
5733,85,1,0,2,34.020749021756224,0,8.93912892184508,0.577719750411404,1.8460914717369348,6.373143433413701,0,1,0,0,0,0,144,98,180.19261254465408,175.6571004259643,39.10121999382392,390.1622294541456,29.503828613310205,4.824068332941836,1,1,2.172921541033288,0,0,0,0,0,1,XXXConfid
5724,80,1,1,1,37.54179770228564,1,12.33685522166616,7.559450913539037,1.010828496587075,7.890398527932765,1,1,0,0,0,0,157,115,234.2074638972307,97.6774002917118,59.76823749767153,380.2928414233841,4.777993800490861,9.093621477998234,0,0,6.950829420744659,0,1,0,0,1,0,XXXConfid
5223,78,1,0,0,25.15015724814278,0,15.449475392891552,3.412993416215933,1.462801439218503,8.162858130207278,0,0,1,1,0,0,170,65,201.6402758794789,104.97216359727918,62.88259596878418,148.96149096957112,14.939215032958776,5.692761536436436,1,0,1.433790334359284,0,1,0,0,0,1,XXXConfid
5478,80,1,0,1,27.97587507832237,0,13.450677615330726,7.770423323208821,0.6895272394798757,9.447786058411769,0,1,0,0,1,1,150,86,246.111987889091,154.14713737002978,94.1385925686545,240.4261365620679,29.5738455699414,3.754353577439156,0,1,3.378946346577973,0,1,0,1,0,0,XXXConfid
5712,90,0,0,1,16.350611039280928,0,10.346488906512176,5.19304117784595,7.810721390490102,4.120119225647423,0,0,0,0,1,0,165,102,215.33959874347693,173.446491434763,74.4144867916965,360.7828812600725,14.676712408012202,3.1426646813503334,0,1,0.1943028401564472,0,0,0,0,0,1,XXXConfid
5508,68,1,0,0,25.64236892040684,1,3.329268379013484,7.249333569069215,2.280023687174596,4.879250721043468,1,1,0,0,0,0,91,90,172.83436872239517,191.89411169790836,36.13791458481093,250.15099832430903,21.16376704476342,5.599120590264732,0,0,4.4244162752141225,0,0,1,0,1,0,XXXConfid
5253,81,1,0,2,24.38980025210136,0,18.39250116584391,6.754647105885779,2.62944141026068,4.329690126715274,1,0,0,0,0,0,166,108,220.8387620074858,65.84210052088767,34.76369130373479,345.5615158239071,16.03061557327259,4.961576799988863,0,0,1.203018634383323,0,0,1,0,0,1,XXXConfid
5112,71,1,3,2,33.53474445093556,0,14.045744540621644,3.5306653013591505,8.818901743857353,5.786148087374573,0,0,1,1,0,1,92,75,163.03650920557985,91.35083384384444,88.87237660886152,364.1675923076321,11.96921248972463,8.595344805403524,0,0,4.713073631250836,0,0,0,0,1,0,XXXConfid
5595,87,1,0,0,24.573966285928496,1,5.752846199884354,2.469515556314532,7.15780093197679,7.739194109177892,0,1,0,0,0,0,177,61,273.78675314660177,140.3347661931395,35.84912156179055,287.1847489322374,5.6269916152422255,8.545038134637137,0,0,8.835683104835947,0,0,0,0,0,0,XXXConfid
5380,71,1,0,0,36.77144416049592,0,5.508364103302412,4.903422185696408,1.9562002991381768,5.602265305080911,0,1,0,0,0,0,132,85,215.11026645804523,109.26780062248878,26.697496214854084,264.75516757187177,20.07131344703516,3.687079408412539,0,0,1.7889463136936112,1,0,1,0,1,1,XXXConfid
5590,82,1,0,0,20.588861733860544,0,17.35281812964339,1.1678925887666902,3.1459308494878035,8.746750111081942,0,0,0,1,1,0,128,113,222.5472579684948,132.46466245818576,42.760409437318856,177.07576646179922,0.2162271699555629,5.694981944441909,0,0,7.773042109035229,1,0,0,0,0,0,XXXConfid
4822,88,1,1,1,33.56305654257149,0,10.317780060811646,8.492193835174904,6.381683269475275,5.5475089730406,0,0,0,0,0,0,130,80,296.9488934113678,136.9503265533011,62.413509072306965,321.7455396504387,18.692766282304497,9.223685102134615,1,0,3.683929040773278,0,0,0,0,0,1,XXXConfid
5033,65,1,1,2,25.04459443010937,0,13.1767357005186,9.700076962809746,4.473406482876787,4.574615041805773,0,0,0,0,1,0,156,110,277.6389678165052,188.43424653879785,48.01461081910865,368.6466320710183,24.07105410027527,3.486190765965722,0,0,0.2279393204714686,0,0,0,0,1,0,XXXConfid
5126,68,0,0,0,15.38339086033498,0,15.45324725341494,7.880195135819449,9.75758081977711,4.020211458208151,0,0,0,0,1,0,91,95,198.8613549183693,155.95607257251564,48.42418671976184,389.4277062460599,9.771712496029568,0.6666360147714734,0,1,8.69950625457424,1,0,0,0,1,1,XXXConfid
4862,88,1,0,2,21.975751533561453,0,6.1872929959764384,2.9049789477362378,8.067845033991407,9.400618597127105,0,0,0,1,0,0,104,103,157.26108714570242,112.65382549390236,43.20210778360107,136.0447908330929,11.719457051091718,4.659545789590084,0,1,5.637145604199859,0,0,1,0,1,1,XXXConfid
5464,60,0,1,0,36.891899426043,0,12.420704404260158,5.73811036322385,8.970336192277408,4.126466841360461,0,0,0,0,0,0,131,78,225.16771998937304,183.3430258551226,93.71785255771974,60.17352924103977,29.17135815204215,1.9654867309920343,0,0,3.3539806800452485,0,0,1,0,0,0,XXXConfid
4809,83,1,1,2,28.997200715954605,0,14.852120003327268,6.034843145701762,9.542655266446602,5.912972351942352,0,1,0,0,0,0,106,96,268.7744437930413,70.31802763299095,81.76072752791059,120.93430088038778,11.424841001732092,6.117160978715171,1,0,1.817673391687332,0,0,0,1,0,1,XXXConfid
5514,71,1,1,1,16.608253220688358,1,4.867680354022427,6.606394414179126,2.40685581262032,8.852320823620373,0,0,0,0,0,0,94,65,158.96434915950314,62.78860173593277,70.80435475948468,272.6667984111751,24.71918399473716,9.810493244629384,0,0,0.852960433280926,0,1,0,0,0,0,XXXConfid
4843,67,1,0,2,34.88956627733201,0,5.321073376350139,2.9734937101473102,7.479021814700254,6.090990203171707,0,0,1,0,0,0,92,104,253.67469939027944,119.9146377394273,63.09836546478421,353.5294650624297,27.8871545666946,7.928002417691062,0,1,7.7659872405819055,0,0,0,0,0,0,XXXConfid
5463,67,1,3,2,19.63904237229001,0,4.103411553428193,0.2334132242168507,0.3619568303252851,7.777391940247598,1,0,0,0,0,1,94,116,181.757588857361,99.53507711894764,72.34640228304461,121.9414814025354,17.558363419727904,9.71899860539516,0,0,5.652948122355229,1,0,0,0,0,0,XXXConfid
5584,78,1,3,2,16.784411588378525,0,19.86539862256609,3.0433050231967163,5.71970329671712,6.420329268234697,0,0,0,0,0,0,124,61,197.64077031724503,118.46145769862352,61.17021216054774,105.64823917171094,29.286210740931963,7.236073844583685,0,0,9.516914359181571,0,0,0,0,1,0,XXXConfid
5338,63,1,0,2,26.56538815991267,0,12.547105193541094,2.99169606865639,3.947474749401232,7.41926318828285,1,0,0,0,0,1,136,84,274.8857556179687,63.27426199512428,97.59212254492412,51.9793907036936,9.277574975284326,0.8637913631725613,0,0,2.3506746430348304,0,0,0,0,1,1,XXXConfid
5008,63,1,0,2,20.66179891335365,0,15.083032866713108,0.3082654995544676,2.398933852854928,6.6260586702136886,1,0,0,0,0,0,175,101,294.89130475646107,77.85017286175503,40.78395284402143,248.43776958355508,16.844462178730023,5.110532634527738,1,0,3.6662364297713057,0,0,0,0,0,1,XXXConfid
5125,80,0,1,3,17.09540356146034,1,14.990590456357303,3.1200023955738665,7.487360039148669,8.402306777659378,1,0,0,0,0,0,118,86,151.221516935887,77.53832288576433,33.949139549532845,102.81907267170357,25.918678843498306,7.819560133404392,0,1,8.248208807539255,0,0,0,0,1,0,XXXConfid
4781,73,1,0,1,30.51142941417678,0,9.262293831691872,8.172444166051893,7.875327508795635,7.686632191715098,1,1,0,0,0,1,114,97,198.349085799917,112.71326478410006,88.87665350666276,379.3538318063738,24.674906593288643,2.724442169619122,1,1,9.892824127362177,1,0,0,1,0,0,XXXConfid
5222,68,0,0,1,20.590728836177504,1,14.609002125479426,8.484837812767305,7.916364522396313,5.088967471184765,0,0,0,0,1,0,105,88,265.8790556207693,61.46153390605181,69.54452760190112,82.64147060332792,10.996067914977283,8.206859285883347,0,0,8.115444796130374,0,0,0,0,0,0,XXXConfid
5442,67,0,0,1,23.91447531108924,0,1.050820210007637,5.7237578598599885,1.5254750032803277,7.596908125922166,0,0,0,0,0,0,171,93,171.9836166240084,92.38954111868912,71.28177186160055,397.5037757195855,24.061540012429575,9.166969491402902,1,0,1.8653781914019552,0,0,0,0,0,0,XXXConfid
4992,76,0,0,3,35.68189057775244,0,0.9251952936688812,0.4468478636387374,4.80336391505788,5.028689033295561,0,0,0,0,0,0,139,102,210.51823282949687,178.8755359598149,27.244525301274656,337.88168332444815,15.125773215046896,1.07555283530005,0,0,9.14311702672467,0,0,0,0,0,0,XXXConfid
5158,83,1,0,1,39.76941873133365,0,3.862749726377215,4.669582075580334,7.1411329561835455,7.803522906307812,0,0,1,0,0,0,106,91,206.6531242311937,134.22849621073323,49.36606308463108,239.0321339867768,3.965217704205246,6.1231059790458495,0,0,3.5448918422452182,0,0,0,0,1,0,XXXConfid
5646,62,1,2,0,23.27442567838744,0,3.0393045383799056,4.47467436129884,7.253036818260595,5.811274245270045,0,0,1,1,0,1,116,94,285.57458169912513,59.09791921709245,27.918711458868035,164.99184928831386,7.220941362578905,1.8011203072780049,0,1,2.5067363969493703,0,0,0,0,0,1,XXXConfid
5035,88,1,0,3,34.58087891243782,0,16.504952922603017,3.732647165208341,7.069906314942708,5.635608016335351,1,0,1,0,0,0,158,100,286.1042975726349,94.0173277517364,50.60159419325807,165.32299903470866,8.533311635005944,7.070225181124146,0,0,1.6499901921485716,0,0,0,0,0,0,XXXConfid
5325,68,0,1,0,25.349937448375165,1,4.890839380429846,6.238313032667172,7.664498435349097,4.945223638841819,1,1,0,1,0,0,169,111,299.99335247432657,64.18212927971064,51.41063712588313,164.7631479193484,28.395123432455605,2.055129294255159,1,0,5.268328713521652,1,1,0,0,0,0,XXXConfid
5190,63,0,0,0,26.70348540473415,0,6.362875396757055,9.716149460795355,3.52528584243848,7.983331305102099,0,0,0,1,0,1,111,61,195.92684888148244,179.6834455030205,26.56454292100267,223.90775100508324,23.41564082483473,8.418074532509491,0,1,3.048574786238899,1,0,0,0,0,1,XXXConfid
5379,69,1,0,1,36.11065190784288,0,17.081013521183976,7.108593178507605,1.4502222225880843,8.367690405725156,0,0,0,1,0,1,94,64,227.9216995689498,165.56922037074727,39.93681867519816,344.54861907346964,20.29052263600577,7.4860014111962,0,0,2.418248096274689,1,1,0,0,1,0,XXXConfid
5486,60,0,1,0,27.560757803784284,0,0.0427649795881945,8.763062814621122,4.581085019360993,4.06585165182841,0,0,1,1,0,0,130,100,284.83460277392646,54.493648172242175,96.51841232249188,315.04069820647544,23.80296276412457,9.330409664399118,0,0,8.015820124244417,1,0,0,0,0,0,XXXConfid
5276,60,1,0,2,32.48259435047236,0,18.829068608516,4.490351309185124,6.6663953658133135,9.83232239491813,0,0,0,0,0,0,179,63,261.09379776900266,61.256068861872734,45.72088614529635,213.8661359551432,25.929371691455284,2.742408704292602,1,1,3.2232646160745624,0,0,0,0,0,0,XXXConfid
5092,73,0,0,2,23.963787822360747,0,10.53599794071259,0.1717065343224944,1.2159651831501117,8.49683173997097,0,0,0,0,0,0,113,85,277.5996636666129,166.1942604716594,89.9941835187939,342.70683654428024,17.800582190064457,3.764658664620498,0,0,4.487288894329216,0,0,0,0,0,1,XXXConfid
5217,67,1,1,1,26.257376090550743,0,14.304545850617943,1.7426736831914869,3.28969793251898,9.851938784224249,1,1,0,1,1,0,151,60,213.3932528258284,107.29803368105613,38.95103579365689,67.83035715916648,8.545490209928934,9.358445785876196,0,0,4.675272076470303,0,1,0,0,0,0,XXXConfid
4764,78,1,0,1,28.8706523860396,1,10.194706301683002,0.6312807270806853,1.653281416913489,7.333235622932847,1,0,0,0,0,0,137,82,221.3053384595624,194.60037890258272,26.33392004278159,357.5827714598004,7.852082323399632,4.510712861479074,1,0,1.9395955375257008,0,1,0,0,0,1,XXXConfid
4954,65,0,0,2,28.466693901424836,1,19.422125645070405,4.019272802129294,5.60034498468526,4.511287752779665,1,0,0,1,1,0,107,76,272.06743941099427,170.53023365232386,66.76463693023453,321.1950344964613,8.766542065549704,9.478909650676153,0,1,8.226551096840687,0,0,0,0,0,0,XXXConfid
4767,63,1,1,2,22.822896244065568,1,4.433961006314455,7.1828945553896775,7.929485772084872,4.654828040280001,0,1,0,0,0,0,148,116,200.50012324501552,181.0235603909688,51.86713802597754,119.65638624484552,7.167602257309024,9.36594632181196,1,0,1.3820863701922304,0,0,0,0,0,1,XXXConfid
5369,63,1,2,2,21.004162554221654,0,11.705232787933618,7.618554217669127,9.52396887498071,4.874701497552718,0,1,1,1,0,0,148,106,292.0209949784726,58.15145174650996,94.08783824933712,315.5081746423589,7.115960769596176,0.0449879742189973,1,0,5.244149002638034,0,0,0,0,0,1,XXXConfid
4906,82,1,3,1,31.61121348110381,0,8.351134521512753,7.823262493112707,1.9478480548047967,6.1450709617044215,1,1,0,0,0,0,149,79,164.12004267048758,188.2495384705369,28.116803494597534,162.88961305456723,17.678318944579633,5.242831581275713,0,0,2.783821389905317,0,0,0,0,1,0,XXXConfid
5310,66,0,3,0,28.282069524617874,1,16.107328550845786,9.58600134426539,6.988144674409699,8.96222189540143,0,0,0,1,0,0,145,112,298.2473704849464,107.7225909961502,37.99032846236094,276.47575773951326,21.750700365729216,6.7172336253174025,0,0,7.854019609594733,0,0,0,0,0,0,XXXConfid
4888,60,1,0,1,35.75544656773175,1,15.29661217895988,6.941537038261389,3.927410437575448,9.51437554775407,0,0,0,0,0,0,142,68,221.01240806080463,182.04178787014808,24.83200313790293,223.8483699343909,16.793106405945903,1.952813388900102,0,0,5.645817178938193,0,0,0,0,1,0,XXXConfid
5441,75,1,0,1,16.549106337113443,0,9.935653169349706,3.040799864377368,4.562029269044735,9.354095538841268,1,0,0,0,0,0,125,115,160.72188309567642,198.23681626193297,62.001561571058765,297.8538238550241,28.26410034135452,1.396571193064673,0,0,7.340807554432621,0,0,0,1,0,0,XXXConfid
5251,73,1,0,1,19.054427259222688,1,2.1893887776667564,6.76044447991733,9.356916656132908,9.9732422844438,0,0,0,0,0,1,141,116,283.0293508459931,98.54433438764102,40.01631032309126,59.29997731676733,10.966036180658378,7.07406335934071,0,0,5.440936509474696,0,0,0,0,1,0,XXXConfid
5063,63,0,0,2,35.16056436511791,0,9.224763399290016,8.432492025157769,8.427409908758932,7.349938059650088,1,0,1,0,0,0,157,83,249.6224389352733,121.83398405387749,94.3779351590548,50.97375551069045,24.97078621039744,5.14479032928792,1,0,6.645809262763293,0,0,0,0,1,0,XXXConfid
5455,90,0,2,2,21.99310108378677,0,10.76141763848263,6.242563507005778,5.063303887170041,7.25986839138844,1,0,0,0,0,0,160,83,215.3211821086261,122.47805646239254,73.24972339382893,185.96684828798792,27.82385280170396,6.100564050414653,0,0,2.7069064018906053,0,0,1,1,0,0,XXXConfid
4938,75,1,0,1,18.966819455569205,0,18.794120178474515,6.417288761104394,2.2695763958531145,5.9175987625245146,0,0,0,0,0,0,167,103,290.17199469090383,118.45979205263308,61.89854949638405,133.81384564088026,8.79205457129941,6.285716952697845,0,0,5.944415539914027,0,0,1,0,0,0,XXXConfid
5667,65,0,0,1,29.02900867549836,0,7.241429209662247,8.593868033235687,9.871203035671478,5.105150994108211,1,0,0,0,0,0,166,115,162.69596783238788,138.9105910786796,93.12930301246138,243.99989419818343,26.41934121791852,9.013568649992342,0,0,1.287866236692039,0,0,0,0,0,0,XXXConfid
4780,79,0,0,0,18.80787611476212,0,8.042179813744138,5.29252297640562,5.367774441778151,8.391242698772283,0,1,1,0,0,0,145,71,151.44525788082694,185.5636322927708,92.43703209007266,272.48134837485384,20.36814030629116,2.571258770413507,0,0,9.928740566287582,0,0,0,0,0,0,XXXConfid
4864,69,1,1,1,15.567789564232186,1,14.837210472025175,8.860267773661622,6.745761794214412,8.776681783666929,1,0,1,0,0,0,129,70,240.085931777943,84.48971577360902,83.16547397239935,81.97512108670777,16.59336087937438,1.1030265635782277,0,0,1.418047669309076,1,0,0,0,0,1,XXXConfid
4861,76,1,0,1,34.623723191723585,1,6.864896281212893,6.224811709111132,2.3010466903936564,5.847680946961083,0,1,0,0,0,0,177,97,225.5236007493937,173.56279030109613,44.223526616067936,258.7756723039867,2.4311570204432567,1.67348441663418,0,0,7.575328943875466,0,1,0,1,0,0,XXXConfid
4916,63,0,1,0,37.2778842697443,1,6.142201755081183,2.524450733657363,9.17986191157632,8.047719763632672,0,0,0,0,1,0,144,84,220.0008012084412,155.45955148518635,66.12431381874288,294.631045767022,27.58040160731845,2.700258379970312,1,0,4.878741304159389,0,0,0,0,0,0,XXXConfid
5152,85,1,0,0,17.112223917886,1,15.27367007011341,2.4317573175665377,9.1915022344997,6.614969166981309,1,0,1,1,0,0,177,65,270.7311704538462,87.12352537721577,62.84968975839252,239.91061844174743,17.15662826927705,6.906943692290046,0,0,2.396604051322573,1,0,0,1,0,0,XXXConfid
5348,66,1,0,2,17.237499094501896,0,0.9101192521727453,2.1834907356701327,2.1395603681661326,9.329286132734987,0,0,1,0,0,0,120,78,247.58024534351355,64.32934579342125,35.71853244161349,90.72919453434892,5.899022633536301,6.137925810697681,1,0,3.660658175672592,0,0,0,0,0,1,XXXConfid
5408,84,1,0,1,28.60396745017301,0,18.92241320068437,1.5088556195309244,1.0596547167924777,9.157248646122143,0,0,0,0,0,0,143,81,198.74350587370557,71.41036621107841,78.5682340394155,226.0058662127926,1.0624082775908017,2.3352270873274508,0,0,8.480285532578431,0,0,0,0,1,0,XXXConfid
4910,63,1,0,1,25.963246288268145,0,17.3723113292958,6.065147916442784,1.7375876529176415,9.302614122631262,1,0,0,0,0,0,126,62,185.48508499293632,76.9016578894161,48.57807497313488,275.9168163369811,18.038696838510525,8.777405490927519,1,0,5.038972735898128,0,1,0,0,1,0,XXXConfid
